"5151861","HA01AU1","2022/23","AU1","bet","bet","bet","","AU","","1","2022-12-15 00:00:00","2023-10-16 11:48:44","Utgiftsområde 13 Jämställdhet och nyanlända invandrares etablering","","Webbpublicering",""
"5163939","HA01AU10","2022/23","AU10","bet","bet","bet","","AU","","10","2023-06-01 00:00:00","2026-04-21 11:28:31","En fortsatt stärkt arbetslöshetsförsäkring","","Webbpublicering",""
"5151862","HA01AU2","2022/23","AU2","bet","bet","bet","","AU","","2","2022-12-15 00:00:00","2023-01-24 16:56:00","Utgiftsområde 14 Arbetsmarknad och arbetsliv","","Webbpublicering",""
"5147232","HA01AU3","2022/23","AU3","bet","bet","bet","","AU","","3","2022-11-10 00:00:00","2023-10-16 11:39:19","Fördjupad uppföljning av arbetet med att förebygga och bekämpa mäns våld mot kvinnor","","Webbpublicering",""
"5147237","HA01AU4","2022/23","AU4","bet","bet","bet","","AU","","4","2022-11-10 00:00:00","2023-10-16 11:48:00","Riksrevisionens rapport om den statliga lönegarantin","","Webbpublicering",""
"5155497","HA01AU5","2022/23","AU5","bet","bet","bet","","AU","","5","2023-02-17 00:00:00","2026-04-21 13:40:32","Arbetsrätt","","Webbpublicering",""
"5155498","HA01AU6","2022/23","AU6","bet","bet","bet","","AU","","6","2023-02-17 00:00:00","2026-04-21 13:40:34","Integration","","Webbpublicering",""
"5156357","HA01AU7","2022/23","AU7","bet","bet","bet","","AU","","7","2023-03-30 00:00:00","2023-05-29 11:18:49","Jämställdhet och åtgärder mot diskriminering","","Webbpublicering",""
"5156359","HA01AU8","2022/23","AU8","bet","bet","bet","","AU","","8","2023-04-20 00:00:00","2023-06-12 17:49:42","Arbetsmiljö och arbetstid","","Webbpublicering",""
"5156360","HA01AU9","2022/23","AU9","bet","bet","bet","","AU","","9","2023-04-20 00:00:00","2023-06-12 17:49:44","Arbetsmarknadspolitik och arbetslöshetsförsäkringen","","Webbpublicering",""
"5152622","HA01CU1","2022/23","CU1","bet","bet","bet","","CU","","1","2022-12-13 00:00:00","2026-03-26 10:07:14","Utgiftsområde 18 Samhällsplanering, bostadsförsörjning och byggande samt konsumentpolitik","","Webbpublicering",""
"5159790","HA01CU10","2022/23","CU10","bet","bet","bet","","CU","","10","2023-04-05 00:00:00","2026-04-21 11:32:28","Bostadspolitik","","Webbpublicering",""
"5159791","HA01CU11","2022/23","CU11","bet","bet","bet","","CU","","11","2023-02-28 00:00:00","2023-03-29 14:52:45","Associationsrätt","","Webbpublicering",""
"5159792","HA01CU12","2022/23","CU12","bet","bet","bet","","CU","","12","2023-03-31 00:00:00","2026-04-21 11:32:29","Planering och byggande","","Webbpublicering",""
"5159793","HA01CU13","2022/23","CU13","bet","bet","bet","","CU","","13","2023-04-27 00:00:00","2023-06-29 17:08:46","Hushållningen med mark- och vattenområden","","Webbpublicering",""
"5159794","HA01CU14","2022/23","CU14","bet","bet","bet","","CU","","14","2023-04-03 00:00:00","2023-05-22 17:09:04","Hyresrätt m.m.","","Webbpublicering",""
"5162428","HA01CU15","2022/23","CU15","bet","bet","bet","","CU","","15","2023-02-28 00:00:00","2023-03-29 14:52:48","Ändringar i jordförvärvslagen i syfte att hindra att bestämmelserna om förvärvstillstånd kringgås","","Webbpublicering",""
"5165181","HA01CU16","2022/23","CU16","bet","bet","bet","","CU","","16","2023-03-23 00:00:00","2023-05-05 10:47:27","Möjligheten till tidsbegränsade bygglov för bostäder förlängs","","Webbpublicering",""
"5167713","HA01CU17","2022/23","CU17","bet","bet","bet","","CU","","17","2023-06-09 00:00:00","2023-06-14 18:53:36","Erkännande och verkställighet av utländska domar på privaträttens område – 2019 års Haagkonvention","","Webbpublicering",""
"5165182","HA01CU18","2022/23","CU18","bet","bet","bet","","CU","","18","2023-04-27 00:00:00","2023-06-21 16:00:21","EU:s nya tågpassagerarförordning","","Webbpublicering",""
"5165177","HA01CU19","2022/23","CU19","bet","bet","bet","","CU","","19","2023-05-10 00:00:00","2023-09-04 16:22:32","Ökad transparens för stora företags skattebetalningar","","Webbpublicering",""
"5149550","HA01CU2","2022/23","CU2","bet","bet","bet","","CU","","2","2022-11-18 00:00:00","2022-12-15 19:27:44","Ett oberoende tvistlösningsförfarande för kollektiva hyrestvister","","Webbpublicering",""
"5165179","HA01CU20","2022/23","CU20","bet","bet","bet","","CU","","20","2023-02-06 00:00:00","2023-03-30 09:58:58","Utökade möjligheter till grupptalan på konsumentområdet","","planerat",""
"5149551","HA01CU3","2022/23","CU3","bet","bet","bet","","CU","","3","2022-10-10 00:00:00","2022-11-24 18:40:58","Bolags rörlighet över gränserna inom EU","","planerat",""
"5149552","HA01CU4","2022/23","CU4","bet","bet","bet","","CU","","4","2022-11-18 00:00:00","2022-12-15 19:27:47","Riksrevisionens rapport om fastighetsbildningen i Sverige","","Webbpublicering",""
"5159604","HA01CU5","2022/23","CU5","bet","bet","bet","","CU","","5","2023-04-27 00:00:00","2023-05-10 23:55:13","Riksrevisionens rapport om Konsumentverkets tillsyn av marknadsföring och avtalsvillkor","","Webbpublicering",""
"5159783","HA01CU6","2022/23","CU6","bet","bet","bet","","CU","","6","2023-04-04 00:00:00","2023-05-22 17:09:02","Familjerätt","","Webbpublicering",""
"5159786","HA01CU7","2022/23","CU7","bet","bet","bet","","CU","","7","2023-02-28 00:00:00","2023-03-29 14:52:44","Ersättningsrätt samt insolvens- och utsökningsrätt","","Webbpublicering",""
"5159788","HA01CU8","2022/23","CU8","bet","bet","bet","","CU","","8","2023-05-04 00:00:00","2023-06-29 17:08:46","Konsumenträtt","","Webbpublicering",""
"5159789","HA01CU9","2022/23","CU9","bet","bet","bet","","CU","","9","2023-02-28 00:00:00","2023-03-29 14:52:44","Fastighetsrätt","","Webbpublicering",""
"5145070","HA01FiU1","2022/23","FiU1","bet","bet","bet","","FiU","","1","2022-12-12 00:00:00","2023-11-14 09:55:31","Statens budget 2023 – Rambeslutet","","Webbpublicering",""
"5145441","HA01FiU10","2022/23","FiU10","bet","bet","bet","","FiU","","10","2022-12-21 00:00:00","2023-10-25 14:40:07","Statens budget för 2023","","Webbpublicering",""
"5145440","HA01FiU11","2022/23","FiU11","bet","bet","bet","","FiU","","11","2022-12-08 00:00:00","2022-12-14 22:40:05","Höständringsbudget för 2022","","Webbpublicering",""
"5146074","HA01FiU12","2022/23","FiU12","bet","bet","bet","","FiU","","12","2022-12-19 00:00:00","2026-04-21 13:41:52","Riksrevisionens rapport om den årliga omräkningen av myndigheternas anslag","","Webbpublicering",""
"5146075","HA01FiU13","2022/23","FiU13","bet","bet","bet","","FiU","","13","2022-11-11 00:00:00","2022-11-17 19:22:25","Riksrevisionens rapport om statens finansiering av kommunerna","","Webbpublicering",""
"5146076","HA01FiU14","2022/23","FiU14","bet","bet","bet","","FiU","","14","2022-12-02 00:00:00","2022-12-07 18:55:03","En paneuropeisk privat pensionsprodukt","","Webbpublicering",""
"5146077","HA01FiU15","2022/23","FiU15","bet","bet","bet","","FiU","","15","2022-11-17 00:00:00","2022-11-23 20:19:18","Samverkan mot penningtvätt och finansiering av terrorism","","Webbpublicering",""
"5146078","HA01FiU16","2022/23","FiU16","bet","bet","bet","","FiU","","16","2022-12-02 00:00:00","2022-12-07 18:55:03","Rätt till betalkonto i fler banker","","Webbpublicering",""
"5146079","HA01FiU17","2022/23","FiU17","bet","bet","bet","","FiU","","17","2022-12-02 00:00:00","2022-12-07 18:55:03","Fondfaktablad och tidsfrist vid delning av en fond","","Webbpublicering",""
"5146080","HA01FiU18","2022/23","FiU18","bet","bet","bet","","FiU","","18","2022-12-02 00:00:00","2022-12-07 18:55:03","Stark kundautentisering vid fakturabetalningar online","","Webbpublicering",""
"5146081","HA01FiU19","2022/23","FiU19","bet","bet","bet","","FiU","","19","2023-02-24 00:00:00","2023-03-08 22:09:04","Några frågor om försäkring och tjänstepension","","Webbpublicering",""
"5145071","HA01FiU2","2022/23","FiU2","bet","bet","bet","","FiU","","2","2022-12-19 00:00:00","2023-01-31 19:47:38","Utgiftsområde 2 Samhällsekonomi och finansförvaltning","","Webbpublicering",""
"5154213","HA01FiU20","2022/23","FiU20","bet","bet","bet","","FiU","","20","2023-06-15 00:00:00","2023-09-19 17:00:01","Riktlinjer för den ekonomiska politiken","","Webbpublicering",""
"5154214","HA01FiU21","2022/23","FiU21","bet","bet","bet","","FiU","","21","2023-06-15 00:00:00","2023-09-19 17:00:03","Vårändringsbudget för 2023","","Webbpublicering",""
"5154216","HA01FiU22","2022/23","FiU22","bet","bet","bet","","FiU","","22","2023-03-29 00:00:00","2026-04-21 11:30:39","Finansiell stabilitet och finansmarknadsfrågor","","Webbpublicering",""
"5154217","HA01FiU23","2022/23","FiU23","bet","bet","bet","","FiU","","23","2023-04-21 00:00:00","2023-04-27 02:13:14","Riksbankens årsredovisning och förvaltning 2022","","Webbpublicering",""
"5154218","HA01FiU24","2022/23","FiU24","bet","bet","bet","","FiU","","24","2023-06-15 00:00:00","2023-09-20 17:13:08","Uppföljning och utvärdering av penningpolitiken 2022","","Webbpublicering",""
"5154219","HA01FiU25","2022/23","FiU25","bet","bet","bet","","FiU","","25","2023-03-21 00:00:00","2023-05-05 10:47:40","Statlig förvaltning och statistikfrågor","","Webbpublicering",""
"5154220","HA01FiU26","2022/23","FiU26","bet","bet","bet","","FiU","","26","2023-04-04 00:00:00","2023-05-22 17:08:51","Kommunala frågor","","Webbpublicering",""
"5153396","HA01FiU27","2022/23","FiU27","bet","bet","bet","","FiU","","27","2022-11-16 00:00:00","2022-12-09 15:32:27","Ändringar i statens budget för 2022 – Försvarsmateriel till Ukraina","","Webbpublicering",""
"5154221","HA01FiU28","2022/23","FiU28","bet","bet","bet","","FiU","","28","2023-02-24 00:00:00","2023-03-29 14:52:41","Riksrevisionens rapport om beslutsunderlag inför stora reformer","","Webbpublicering",""
"5154222","HA01FiU29","2022/23","FiU29","bet","bet","bet","","FiU","","29","2023-02-24 00:00:00","2023-03-08 22:09:05","Riksrevisionens rapport om regeringens underlag till riksdagen under pandemin","","Webbpublicering",""
"5145072","HA01FiU3","2022/23","FiU3","bet","bet","bet","","FiU","","3","2022-12-19 00:00:00","2023-01-31 19:47:39","Utgiftsområde 25 Allmänna bidrag till kommuner","","Webbpublicering",""
"5163290","HA01FiU30","2022/23","FiU30","bet","bet","bet","","FiU","","30","2023-06-15 00:00:00","2023-06-21 21:58:54","Årsredovisning för staten 2022","","Webbpublicering",""
"5164424","HA01FiU31","2022/23","FiU31","bet","bet","bet","","FiU","","31","2023-02-07 00:00:00","2026-04-21 13:41:54","Extra ändringsbudget för 2023 – Stöd till Ukraina samt åtgärder riktade till företag och hushåll till följd av höga energipriser","","Webbpublicering",""
"5164426","HA01FiU32","2022/23","FiU32","bet","bet","bet","","FiU","","32","2023-08-16 00:00:00","2023-09-26 16:54:50","Ändringar i statens budget för 2023 – Försvarsmateriel till Ukraina och försäljning av jaktrobotar till USA","","Webbpublicering",""
"5164429","HA01FiU33","2022/23","FiU33","bet","bet","bet","","FiU","","33","2023-02-21 00:00:00","2026-04-21 13:40:19","Extra ändringsbudget för 2023 – Tillfällig skatt på vissa elproducenters överintäkter","","Webbpublicering",""
"5154447","HA01FiU34","2022/23","FiU34","bet","bet","bet","","FiU","","34","2023-12-07 00:00:00","2023-12-07 14:41:19","Offentlig upphandling","","Webbpublicering",""
"5163252","HA01FiU35","2022/23","FiU35","bet","bet","bet","","FiU","","35","2023-06-15 00:00:00","2023-09-20 17:13:08","Utbetalningsmyndigheten","","Webbpublicering",""
"5163256","HA01FiU36","2022/23","FiU36","bet","bet","bet","","FiU","","36","2023-02-17 00:00:00","2026-04-21 13:40:20","En pilotordning för distribuerad databasteknik","","Webbpublicering",""
"5166276","HA01FiU37","2022/23","FiU37","bet","bet","bet","","FiU","","37","2023-04-21 00:00:00","2023-04-27 02:13:14","Ett likviditetsverktyg för fonder","","Webbpublicering",""
"5168199","HA01FiU38","2022/23","FiU38","bet","bet","bet","","FiU","","38","2023-03-22 00:00:00","2023-04-21 14:38:33","Extra ändringsbudget för 2023 – Försvarsmateriel till Ukraina","","Webbpublicering",""
"5171537","HA01FiU39","2022/23","FiU39","bet","bet","bet","","FiU","","39","2023-04-27 00:00:00","2023-05-03 20:27:06","Utökade möjligheter att besluta om undantag från lagen om upphandling på försvars- och säkerhetsområdet med hänsyn till Sveriges väsentliga säkerhetsintressen","","Webbpublicering",""
"5145074","HA01FiU4","2022/23","FiU4","bet","bet","bet","","FiU","","4","2022-12-19 00:00:00","2022-12-21 20:05:38","Utgiftsområde 26 Statsskuldsräntor m.m.","","Webbpublicering",""
"5171542","HA01FiU40","2022/23","FiU40","bet","bet","bet","","FiU","","40","2023-06-08 00:00:00","2023-06-14 18:53:36","Riksrevisionens rapport om åtgärder med anledning av trakasserier, hot och våld vid statliga myndigheter","","Webbpublicering",""
"5171540","HA01FiU41","2022/23","FiU41","bet","bet","bet","","FiU","","41","2023-06-01 00:00:00","2026-04-21 11:28:39","Riksrevisionens rapport om miljömässig hållbarhet vid statlig upphandling","","Webbpublicering",""
"5171541","HA01FiU42","2022/23","FiU42","bet","bet","bet","","FiU","","42","2023-03-27 00:00:00","2023-03-27 09:47:04","Riksrevisionens rapport om åtgärder med anledning av trakasserier, hot och våld vid statliga myndigheter","","planerat",""
"5145075","HA01FiU5","2022/23","FiU5","bet","bet","bet","","FiU","","5","2022-12-19 00:00:00","2023-01-31 19:47:40","Utgiftsområde 27 Avgiften till Europeiska unionen","","Webbpublicering",""
"5134704","HA01FiU6","2022/23","FiU6","bet","bet","bet","","FiU","","6","2023-01-20 00:00:00","2023-02-17 15:49:18","Redovisning av AP-fondernas verksamhet t.o.m. 2021","","Webbpublicering",""
"5134677","HA01FiU7","2022/23","FiU7","bet","bet","bet","","FiU","","7","2022-11-17 00:00:00","2022-12-14 15:53:45","Sveriges genomförande av Agenda 2030","","Webbpublicering",""
"5146073","HA01FiU8","2022/23","FiU8","bet","bet","bet","","FiU","","8","2022-11-17 00:00:00","2022-11-23 20:19:18","Medgivande för Riksbanken att ingå avtal om lån till Internationella valutafonden","","Webbpublicering",""
"5136786","HA01FiU9","2022/23","FiU9","bet","bet","bet","","FiU","","9","2022-10-27 00:00:00","2022-11-09 11:26:28","Riksrevisorns årliga rapport 2022","","Webbpublicering",""
"5152675","HA01FöU1","2022/23","FöU1","bet","bet","bet","","FöU","","1","2022-12-13 00:00:00","2026-04-21 13:43:07","Utgiftsområde 6 Försvar och samhällets krisberedskap","","Webbpublicering",""
"5149353","HA01FöU2","2022/23","FöU2","bet","utl","bet","","FöU","","2","2022-10-10 00:00:00","2026-04-21 13:45:40","Subsidiaritetsprövning av kommissionens förslag till förordning om inrättande av instrumentet för förstärkning av den europeiska försvarsindustrin genom gemensam upphandling","","Webbpublicering",""
"5167717","HA01FöU3","2022/23","FöU3","bet","bet","bet","","FöU","","3","2023-03-30 00:00:00","2026-04-21 11:32:31","Riksrevisionens rapport om personalförsörjningen av kontinuerligt tjänstgörande gruppbefäl, soldater och sjömän","","Webbpublicering",""
"5167719","HA01FöU4","2022/23","FöU4","bet","bet","bet","","FöU","","4","2023-03-09 00:00:00","2026-04-21 11:34:58","Militära frågor","","Webbpublicering",""
"5163280","HA01FöU5","2022/23","FöU5","bet","bet","bet","","FöU","","5","2023-02-17 00:00:00","2023-02-22 20:40:38","Integritetsskydd vid signalspaning i försvarsunderrättelseverksamhet","","Webbpublicering",""
"5163278","HA01FöU6","2022/23","FöU6","bet","bet","bet","","FöU","","6","2023-02-02 00:00:00","2026-04-21 13:41:55","Försvarspolitik och totalförsvar","","Webbpublicering",""
"5167720","HA01FöU7","2022/23","FöU7","bet","bet","bet","","FöU","","7","2023-03-23 00:00:00","2026-04-21 11:33:55","Samhällets krisberedskap","","Webbpublicering",""
"5167722","HA01FöU8","2022/23","FöU8","bet","bet","bet","","FöU","","8","2023-04-20 00:00:00","2026-04-21 11:30:49","Personalförsörjning","","Webbpublicering",""
"5167721","HA01FöU9","2022/23","FöU9","bet","bet","bet","","FöU","","9","2023-05-23 00:00:00","2023-06-07 21:13:21","En ny lag om viktigt meddelande till allmänheten","","Webbpublicering",""
"5150389","HA01JuU1","2022/23","JuU1","bet","bet","bet","","JuU","","1","2022-12-13 00:00:00","2023-01-24 16:48:50","Utgiftsområde 4 Rättsväsendet","","Webbpublicering",""
"5157863","HA01JuU10","2022/23","JuU10","bet","bet","bet","","JuU","","10","2023-04-21 00:00:00","2026-04-21 11:30:39","Polisfrågor","","Webbpublicering",""
"5159498","HA01JuU11","2022/23","JuU11","bet","bet","bet","","JuU","","11","2023-03-09 00:00:00","2023-04-12 17:00:49","Straffrättsliga frågor","","Webbpublicering",""
"5159499","HA01JuU12","2022/23","JuU12","bet","bet","bet","","JuU","","12","2023-03-23 00:00:00","2026-04-21 11:33:55","Processrättsliga frågor","","Webbpublicering",""
"5159502","HA01JuU13","2022/23","JuU13","bet","bet","bet","","JuU","","13","2023-04-13 00:00:00","2023-05-29 11:18:51","Kriminalvårdsfrågor","","Webbpublicering",""
"5159500","HA01JuU14","2022/23","JuU14","bet","bet","bet","","JuU","","14","2023-04-13 00:00:00","2023-05-29 11:18:52","Våldsbrott och brottsoffer","","Webbpublicering",""
"5159504","HA01JuU15","2022/23","JuU15","bet","bet","bet","","JuU","","15","2023-04-13 00:00:00","2023-05-29 11:18:53","Unga lagöverträdare","","Webbpublicering",""
"5159505","HA01JuU16","2022/23","JuU16","bet","bet","bet","","JuU","","16","2023-05-04 00:00:00","2023-07-05 16:52:49","Terrorism","","Webbpublicering",""
"5159506","HA01JuU17","2022/23","JuU17","bet","bet","bet","","JuU","","17","2023-04-13 00:00:00","2023-05-29 11:18:55","Vapenfrågor","","Webbpublicering",""
"5164592","HA01JuU18","2022/23","JuU18","bet","bet","bet","","JuU","","18","2023-03-30 00:00:00","2023-04-13 01:17:16","Försök till subventionsmissbruk","","Webbpublicering",""
"5164596","HA01JuU19","2022/23","JuU19","bet","bet","bet","","JuU","","19","2023-05-04 00:00:00","2023-07-05 16:52:50","Rättsmedicinalverkets hantering av humanbiologiskt material","","Webbpublicering",""
"5142632","HA01JuU2","2022/23","JuU2","bet","bet","bet","","JuU","","2","2022-11-10 00:00:00","2022-12-09 15:32:33","Snabbare lagföring av brott","","Webbpublicering",""
"5164597","HA01JuU20","2022/23","JuU20","bet","bet","bet","","JuU","","20","2023-04-27 00:00:00","2023-06-21 16:00:20","En särskild straffbestämmelse för deltagande i en terroristorganisation","","Webbpublicering",""
"5164598","HA01JuU21","2022/23","JuU21","bet","bet","bet","","JuU","","21","2023-05-11 00:00:00","2023-09-04 16:22:29","Förbättrade åtgärder när barn misstänks för brott","","Webbpublicering",""
"5164599","HA01JuU22","2022/23","JuU22","bet","bet","bet","","JuU","","22","2023-05-11 00:00:00","2023-09-04 16:22:30","Avskaffat krav på tillstånd för offentlig danstillställning på plats som inte är offentlig","","Webbpublicering",""
"5164600","HA01JuU23","2022/23","JuU23","bet","bet","bet","","JuU","","23","2023-06-01 00:00:00","2026-04-21 11:28:37","En ny lag om ordningsvakter","","Webbpublicering",""
"5164602","HA01JuU24","2022/23","JuU24","bet","bet","bet","","JuU","","24","2023-05-11 00:00:00","2023-09-04 16:22:31","Effektivare åtgärder mot spridning av terrorisminnehåll online","","Webbpublicering",""
"5164603","HA01JuU25","2022/23","JuU25","bet","bet","bet","","JuU","","25","2023-06-01 00:00:00","2026-04-21 11:28:36","Genomförande av ändringarna i vapendirektivet","","Webbpublicering",""
"5164604","HA01JuU26","2022/23","JuU26","bet","bet","bet","","JuU","","26","2023-06-13 00:00:00","2023-09-19 16:54:44","Utökade polisiära befogenheter i gränsnära områden","","Webbpublicering",""
"5164605","HA01JuU27","2022/23","JuU27","bet","bet","bet","","JuU","","27","2023-06-14 00:00:00","2023-09-19 16:54:46","Skärpt syn på brott mot journalister och vissa andra samhällsnyttiga funktioner","","Webbpublicering",""
"5166190","HA01JuU28","2022/23","JuU28","bet","bet","bet","","JuU","","28","2023-05-25 00:00:00","2023-09-04 16:40:18","Säkerhetsprövning av totalförsvarspliktiga m.m.","","Webbpublicering",""
"5172751","HA01JuU29","2022/23","JuU29","bet","bet","bet","","JuU","","29","2023-06-13 00:00:00","2023-06-21 03:46:09","Redogörelse för verksamheten inom den gemensamma parlamentariska kontrollgruppen för Europol och riksdagsdelegationens arbete under 2022","","Webbpublicering",""
"5142633","HA01JuU3","2022/23","JuU3","bet","bet","bet","","JuU","","3","2022-11-10 00:00:00","2022-11-17 19:22:25","Arrestantvakter och transportuppdrag","","Webbpublicering",""
"5172752","HA01JuU30","2022/23","JuU30","bet","bet","bet","","JuU","","30","2023-06-13 00:00:00","2023-06-21 03:46:09","Sekretess hos Domstolsverket för enskildas kontaktuppgifter","","Webbpublicering",""
"5173257","HA01JuU31","2022/23","JuU31","bet","bet","bet","","JuU","","31","2023-09-07 00:00:00","2024-11-14 10:09:36","Hemliga tvångsmedel - effektiva verktyg för att förhindra och utreda allvarliga brott","","Webbpublicering",""
"5178150","HA01JuU32","2022/23","JuU32","bet","bet","bet","","JuU","","32","2023-09-07 00:00:00","2023-10-04 13:00:52","Ett granskningssystem för utländska direktinvesteringar till skydd för svenska säkerhetsintressen","","Webbpublicering",""
"5180334","HA01JuU33","2022/23","JuU33","bet","utl","bet","","JuU","","33","2023-06-15 00:00:00","2024-02-06 10:37:45","Subsidiaritetsprövning av kommissionens förslag till direktiv om bekämpning av korruption","","Webbpublicering",""
"5183117","HA01JuU34","2022/23","JuU34","bet","bet","bet","","JuU","","34","2023-09-07 00:00:00","2024-11-14 10:48:47","Stärkt sekretess i domstol för kontaktuppgifter till enskilda - upphävande","","Webbpublicering",""
"5142866","HA01JuU4","2022/23","JuU4","bet","bet","bet","","JuU","","4","2022-10-20 00:00:00","2023-03-02 09:45:23","Förbättrad hantering av ärenden om överförande av straffverkställighet","","Webbpublicering",""
"5163490","HA01JuU5","2022/23","JuU5","bet","bet","bet","","JuU","","5","2023-02-07 00:00:00","2026-04-21 13:40:25","Redovisning av användningen av hemliga tvångsmedel under 2021","","Webbpublicering",""
"5163488","HA01JuU6","2022/23","JuU6","bet","bet","bet","","JuU","","6","2023-02-07 00:00:00","2026-04-21 13:40:26","2022 års redogörelse för tillämpningen av lagen om särskild utlänningskontroll","","Webbpublicering",""
"5166967","HA01JuU7","2022/23","JuU7","bet","bet","bet","","JuU","","7","2023-02-16 00:00:00","2023-02-22 20:40:39","Stärkt sekretess i domstol för kontaktuppgifter till enskilda – ikraftträdande","","Webbpublicering",""
"5164607","HA01JuU8","2022/23","JuU8","bet","bet","bet","","JuU","","8","2023-05-03 00:00:00","2023-06-21 16:00:20","Skärpta straff för brott i kriminella nätverk","","Webbpublicering",""
"5163180","HA01JuU9","2022/23","JuU9","bet","bet","bet","","JuU","","9","2023-03-23 00:00:00","2026-04-21 11:33:52","Kommuners ansvar för brottsförebyggande arbete","","Webbpublicering",""
"5149587","HA01KrU1","2022/23","KrU1","bet","bet","bet","","KrU","","1","2022-12-13 00:00:00","2023-01-20 13:40:29","Utgiftsområde 17 Kultur, medier, trossamfund och fritid","","Webbpublicering",""
"5164520","HA01KrU10","2022/23","KrU10","bet","bet","bet","","KrU","","10","2023-05-26 00:00:00","2023-09-04 16:40:15","Folkbildningsfrågor","","Webbpublicering",""
"5161917","HA01KrU11","2022/23","KrU11","bet","bet","bet","","KrU","","11","2023-04-25 00:00:00","2023-06-12 17:49:36","Idrott- och friluftslivsfrågor","","Webbpublicering",""
"5149589","HA01KrU2","2022/23","KrU2","bet","bet","bet","","KrU","","2","2022-11-18 00:00:00","2022-12-14 15:53:42","En förstärkt spelreglering","","Webbpublicering",""
"5145594","HA01KrU3","2022/23","KrU3","bet","bet","bet","","KrU","","3","2023-03-01 00:00:00","2023-03-29 14:52:50","Kultur och fritid för barn och unga","","Webbpublicering",""
"5149590","HA01KrU4","2022/23","KrU4","bet","bet","bet","","KrU","","4","2022-11-16 00:00:00","2022-12-14 15:53:43","Riksrevisionens rapport om statens krisstöd till idrott och kultur under coronapandemin","","Webbpublicering",""
"5161911","HA01KrU5","2022/23","KrU5","bet","bet","bet","","KrU","","5","2023-03-01 00:00:00","2023-03-29 14:52:53","Civila samhället, inklusive trossamfund","","Webbpublicering",""
"5161912","HA01KrU6","2022/23","KrU6","bet","bet","bet","","KrU","","6","2023-03-01 00:00:00","2023-03-29 14:52:53","Kulturarvsfrågor","","Webbpublicering",""
"5161321","HA01KrU7","2022/23","KrU7","bet","bet","bet","","KrU","","7","2023-05-09 00:00:00","2023-07-05 16:58:30","Spelfrågor","","Webbpublicering",""
"5161913","HA01KrU8","2022/23","KrU8","bet","bet","bet","","KrU","","8","2023-05-08 00:00:00","2023-07-05 16:58:43","Kultur för alla","","Webbpublicering",""
"5161915","HA01KrU9","2022/23","KrU9","bet","bet","bet","","KrU","","9","2023-04-21 00:00:00","2023-06-12 17:49:35","Frågor om public service och film","","Webbpublicering",""
"5149395","HA01KU1","2022/23","KU1","bet","bet","bet","","KU","","1","2022-12-14 00:00:00","2023-01-20 13:40:26","Utgiftsområde 1 Rikets styrelse","","Webbpublicering",""
"5149408","HA01KU10","2022/23","KU10","bet","bet","bet","","KU","","10","2022-10-06 00:00:00","2023-02-17 15:49:14","Granskning av statsrådens tjänsteutövning och regeringsärendenas handläggning","","planerat",""
"5156239","HA01KU11","2022/23","KU11","bet","bet","bet","","KU","","11","2023-01-19 00:00:00","2023-02-17 15:49:17","Justitieombudsmännens ämbetsberättelse","","Webbpublicering",""
"5149405","HA01KU12","2022/23","KU12","bet","bet","bet","","KU","","12","2022-11-10 00:00:00","2022-12-28 15:14:56","En fortsatt anpassning av riksdagens pensionssystem till en höjd pensionsålder m.m.","","Webbpublicering",""
"5149406","HA01KU13","2022/23","KU13","bet","bet","bet","","KU","","13","2022-11-17 00:00:00","2022-12-28 15:16:30","Ökad insyn i ägandet av radio- och tv-företag","","Webbpublicering",""
"5156240","HA01KU14","2022/23","KU14","bet","bet","bet","","KU","","14","2023-02-10 00:00:00","2023-02-22 20:40:38","Ändring i bestämmelser om avgifter för årlig revision","","Webbpublicering",""
"5163378","HA01KU15","2022/23","KU15","bet","bet","bet","","KU","","15","2023-02-16 00:00:00","2023-02-22 20:40:38","Absolut sekretess hos domstol i mål och ärenden enligt konkurrenslagen för uppgifter i vissa handlingar","","Webbpublicering",""
"5163802","HA01KU16","2022/23","KU16","bet","bet","bet","","KU","","16","2023-01-24 00:00:00","2023-05-17 13:44:19","Sekretess vid Försäkringskassans handläggning av ärenden om elstöd samt slopad kontrolluppgiftsskyldighet","","Webbpublicering",""
"5166198","HA01KU17","2022/23","KU17","bet","bet","bet","","KU","","17","2023-05-24 00:00:00","2023-06-01 00:45:53","Riksrevisionens årsredovisning för 2022","","Webbpublicering",""
"5163381","HA01KU18","2022/23","KU18","bet","bet","bet","","KU","","18","2023-03-24 00:00:00","2023-05-17 13:39:46","Riksdagens arbetsformer m.m.","","Webbpublicering",""
"5166200","HA01KU19","2022/23","KU19","bet","bet","bet","","KU","","19","2023-03-24 00:00:00","2023-05-05 10:47:36","Allmänna helgdagar m.m.","","Webbpublicering",""
"5149396","HA01KU2","2022/23","KU2","bet","bet","bet","","KU","","2","2022-11-17 00:00:00","2022-11-25 14:08:00","En ny beteckning för kommuner på regional nivå och vissa frågor om regionindelning (vilande grundlagsförslag)","","Webbpublicering",""
"5166233","HA01KU20","2022/23","KU20","bet","bet","bet","","KU","","20","2023-06-07 00:00:00","2025-06-17 16:56:16","Granskningsbetänkande","","Webbpublicering",""
"0","HA01KU20d2","2022/23","KU20","bet","bet","bet","d2","KU","","20","2023-06-07 00:00:00","2024-06-14 15:44:23","Granskningsbetänkande del 2","Bilaga A Utredningsmaterial","","HA01KU20"
"0","HA01KU20d3","2022/23","KU20","bet","bet","bet","d3","KU","","20","2023-06-07 00:00:00","2024-06-14 15:44:17","Granskningsbetänkande del 3","Del 3 Utfrågningar","","HA01KU20"
"5166235","HA01KU21","2022/23","KU21","bet","bet","bet","","KU","","21","2023-06-02 00:00:00","2023-09-04 17:10:27","Behandlingen av riksdagens skrivelser","","Webbpublicering",""
"5163383","HA01KU22","2022/23","KU22","bet","bet","bet","","KU","","22","2023-02-16 00:00:00","2026-04-21 13:40:23","Trossamfund och begravningsfrågor","","Webbpublicering",""
"5163385","HA01KU23","2022/23","KU23","bet","bet","bet","","KU","","23","2023-05-05 00:00:00","2023-07-05 16:52:45","Valfrågor","","Webbpublicering",""
"5166201","HA01KU24","2022/23","KU24","bet","bet","bet","","KU","","24","2023-04-21 00:00:00","2023-06-12 17:49:29","Offentlig förvaltning","","Webbpublicering",""
"5166203","HA01KU25","2022/23","KU25","bet","bet","bet","","KU","","25","2023-03-24 00:00:00","2023-05-05 10:47:36","Offentlighet, sekretess och integritet","","Webbpublicering",""
"5166204","HA01KU26","2022/23","KU26","bet","bet","bet","","KU","","26","2023-05-05 00:00:00","2023-07-05 16:52:46","Fri- och rättigheter m.m.","","Webbpublicering",""
"5166206","HA01KU27","2022/23","KU27","bet","bet","bet","","KU","","27","2023-03-21 00:00:00","2023-05-11 11:13:53","Tryck- och yttrandefrihet, massmediefrågor","","Webbpublicering",""
"5166208","HA01KU28","2022/23","KU28","bet","bet","bet","","KU","","28","2023-05-05 00:00:00","2023-07-05 16:52:47","Minoritetsfrågor","","Webbpublicering",""
"5166209","HA01KU29","2022/23","KU29","bet","bet","bet","","KU","","29","2023-03-24 00:00:00","2023-05-05 10:47:39","Kommunala och regionala frågor","","Webbpublicering",""
"5149397","HA01KU3","2022/23","KU3","bet","bet","bet","","KU","","3","2022-11-10 00:00:00","2022-11-25 13:54:59","2019 års riksdagsöversyn (vilande grundlagsförslag m.m.)","","Webbpublicering",""
"5166220","HA01KU30","2022/23","KU30","bet","bet","bet","","KU","","30","2023-04-21 00:00:00","2023-06-12 17:49:31","Författningsfrågor","","Webbpublicering",""
"5166211","HA01KU31","2022/23","KU31","bet","utl","bet","","KU","","31","2023-03-20 00:00:00","2023-05-05 10:47:33","2022 års rapport om rättsstatsprincipen","","Webbpublicering",""
"5178722","HA01KU32","2022/23","KU32","bet","bet","bet","","KU","","32","2023-06-16 00:00:00","2023-09-20 17:13:04","Översyn av JO-ämbetet","","Webbpublicering",""
"5166212","HA01KU33","2022/23","KU33","bet","bet","bet","","KU","","33","2023-06-09 00:00:00","2023-06-14 18:53:36","Indelning i utgiftsområden","","Webbpublicering",""
"5166213","HA01KU34","2022/23","KU34","bet","bet","bet","","KU","","34","2023-05-05 00:00:00","2023-07-05 16:52:43","Innehållsvillkor för public service på internet","","Webbpublicering",""
"5166214","HA01KU35","2022/23","KU35","bet","bet","bet","","KU","","35","2023-05-24 00:00:00","2023-09-04 16:40:11","Sekretessgenombrott vid utlämnande för teknisk bearbetning eller teknisk lagring av uppgifter","","Webbpublicering",""
"5166216","HA01KU36","2022/23","KU36","bet","bet","bet","","KU","","36","2023-06-01 00:00:00","2023-09-19 16:44:51","Riksrevisionens rapport om de statliga servicekontoren i ny regi","","Webbpublicering",""
"5166217","HA01KU37","2022/23","KU37","bet","bet","bet","","KU","","37","2023-06-09 00:00:00","2023-06-14 18:53:36","Ett effektivare förfarande för att fastställa och fördela begravningsavgiften till Svenska kyrkan","","Webbpublicering",""
"5166218","HA01KU38","2022/23","KU38","bet","bet","bet","","KU","","38","2023-06-09 00:00:00","2023-06-14 18:53:36","Kommittéberättelse – kommittéernas verksamhet under 2022, m.m.","","Webbpublicering",""
"5166219","HA01KU39","2022/23","KU39","bet","bet","bet","","KU","","39","2023-06-09 00:00:00","2023-06-14 18:53:36","Verksamhetsredogörelser för riksdagens nämnder","","Webbpublicering",""
"5149398","HA01KU4","2022/23","KU4","bet","bet","bet","","KU","","4","2022-11-10 00:00:00","2022-12-07 15:52:53","Föreningsfrihet och terroristorganisationer (vilande grundlagsförslag)","","Webbpublicering",""
"5166738","HA01KU40","2022/23","KU40","bet","bet","bet","","KU","","40","2023-06-15 00:00:00","2023-09-20 17:13:05","Utredning om stödet till den politiska beslutsprocessen och ledamotskapet i riksdagen","","Webbpublicering",""
"5179280","HA01KU41","2022/23","KU41","bet","bet","bet","","KU","","41","2023-06-16 00:00:00","2023-09-20 17:13:07","En tillfällig allmän flaggdag för att högtidlighålla 50-årsdagen av konungens trontillträde","","Webbpublicering",""
"5149414","HA01KU5","2022/23","KU5","bet","bet","bet","","KU","","5","2023-01-20 00:00:00","2023-01-20 08:19:09","Uppföljning av riksdagens tillämpning av subsidiaritetsprincipen","","Webbpublicering",""
"5149399","HA01KU6","2022/23","KU6","bet","bet","bet","","KU","","6","2022-11-11 00:00:00","2022-12-07 15:52:54","Ett ändamålsenligt skydd för tryck- och yttrandefriheten (vilande grundlagsförslag m.m.)","","Webbpublicering",""
"5149400","HA01KU7","2022/23","KU7","bet","bet","bet","","KU","","7","2023-09-06 00:00:00","2023-09-06 15:39:03","Utlandsspioneri (vilande grundlagsförslag m.m.)","","Webbpublicering",""
"5149401","HA01KU8","2022/23","KU8","bet","bet","bet","","KU","","8","2022-11-17 00:00:00","2022-12-14 15:53:36","En ny riksbankslag (vilande grundlagsförslag m.m.)","","Webbpublicering",""
"5149403","HA01KU9","2022/23","KU9","bet","bet","bet","","KU","","9","2022-11-17 00:00:00","2022-11-25 13:55:43","Ett teknikneutralt krav på underskrift av regeringsbeslut (vilande grundlagsförslag)","","Webbpublicering",""
"5150675","HA01MJU1","2022/23","MJU1","bet","bet","bet","","MJU","","1","2022-12-15 00:00:00","2023-01-27 15:49:04","Utgiftsområde 20 Allmän miljö- och naturvård","","Webbpublicering",""
"5163271","HA01MJU10","2022/23","MJU10","bet","bet","bet","","MJU","","10","2023-03-09 00:00:00","2023-04-18 16:51:05","Cirkulär ekonomi","","Webbpublicering",""
"5164748","HA01MJU11","2022/23","MJU11","bet","bet","bet","","MJU","","11","2023-03-17 00:00:00","2023-04-18 16:51:07","Jordbrukspolitik","","Webbpublicering",""
"5164751","HA01MJU12","2022/23","MJU12","bet","bet","bet","","MJU","","12","2023-03-23 00:00:00","2026-04-21 11:33:57","Jakt och viltvård","","Webbpublicering",""
"5164745","HA01MJU13","2022/23","MJU13","bet","bet","bet","","MJU","","13","2023-05-03 00:00:00","2023-07-05 16:52:54","Övergripande miljöfrågor","","Webbpublicering",""
"5164744","HA01MJU14","2022/23","MJU14","bet","bet","bet","","MJU","","14","2023-05-04 00:00:00","2023-07-05 16:53:03","Fiskeripolitik","","Webbpublicering",""
"5164741","HA01MJU15","2022/23","MJU15","bet","bet","bet","","MJU","","15","2023-05-12 00:00:00","2023-09-04 16:22:35","Skogspolitik","","Webbpublicering",""
"5164740","HA01MJU16","2022/23","MJU16","bet","bet","bet","","MJU","","16","2023-05-26 00:00:00","2023-09-04 16:40:19","Klimatpolitik","","Webbpublicering",""
"5164746","HA01MJU17","2022/23","MJU17","bet","bet","bet","","MJU","","17","2023-05-02 00:00:00","2023-06-29 17:08:51","Naturvård och biologisk mångfald","","Webbpublicering",""
"5164738","HA01MJU18","2022/23","MJU18","bet","bet","bet","","MJU","","18","2023-06-09 00:00:00","2024-02-08 17:25:43","Livsmedelspolitik","","Webbpublicering",""
"5150680","HA01MJU2","2022/23","MJU2","bet","bet","bet","","MJU","","2","2022-12-13 00:00:00","2023-03-02 15:45:10","Utgiftsområde 23 Areella näringar, landsbygd och livsmedel","","Webbpublicering",""
"5149693","HA01MJU3","2022/23","MJU3","bet","bet","bet","","MJU","","3","2022-12-02 00:00:00","2022-12-07 18:55:03","En särskild straffbestämmelse för otillåten fartygsåtervinning","","Webbpublicering",""
"5152626","HA01MJU4","2022/23","MJU4","bet","utl","bet","","MJU","","4","2022-11-29 00:00:00","2023-10-23 12:45:43","EU:s strategi för hållbara och cirkulära textilier","","Webbpublicering",""
"5154669","HA01MJU5","2022/23","MJU5","bet","bet","bet","","MJU","","5","2023-02-16 00:00:00","2023-02-22 20:40:38","Förbättrad övervakning av antibiotikaanvändning för behandling av djur","","Webbpublicering",""
"5163268","HA01MJU6","2022/23","MJU6","bet","bet","bet","","MJU","","6","2023-02-22 00:00:00","2023-03-31 15:54:11","Kemikaliepolitik","","Webbpublicering",""
"5163267","HA01MJU7","2022/23","MJU7","bet","bet","bet","","MJU","","7","2023-02-23 00:00:00","2023-03-31 15:54:10","Vattenvård","","Webbpublicering",""
"5163269","HA01MJU8","2022/23","MJU8","bet","bet","bet","","MJU","","8","2023-02-23 00:00:00","2023-03-09 21:08:44","Övervakning och rapportering av uppgifter om verkliga utsläpp från vissa fordon","","Webbpublicering",""
"5163270","HA01MJU9","2022/23","MJU9","bet","bet","bet","","MJU","","9","2023-03-09 00:00:00","2023-04-18 16:51:04","Djurskydd","","Webbpublicering",""
"5152627","HA01NU1","2022/23","NU1","bet","bet","bet","","NU","","1","2022-12-15 00:00:00","2023-08-22 13:08:48","Utgiftsområde 24 Näringsliv","","Webbpublicering",""
"5160513","HA01NU10","2022/23","NU10","bet","utl","bet","","NU","","10","2022-12-15 00:00:00","2023-09-08 10:31:21","Subsidiaritetsprövning av kommissionens förslag till förordning om inrättande av ett krisinstrument för den inre marknaden","","Webbpublicering",""
"5163068","HA01NU11","2022/23","NU11","bet","bet","bet","","NU","","11","2023-02-16 00:00:00","2023-02-23 23:46:51","Riksrevisionens rapport om statliga insatser för att stimulera investeringar i datorhallar","","Webbpublicering",""
"5163237","HA01NU12","2022/23","NU12","bet","bet","bet","","NU","","12","2023-03-28 00:00:00","2023-05-05 10:47:42","Handelspolitik","","Webbpublicering",""
"5163239","HA01NU13","2022/23","NU13","bet","bet","bet","","NU","","13","2023-03-24 00:00:00","2023-05-05 10:47:44","Mineralpolitik","","Webbpublicering",""
"5163241","HA01NU14","2022/23","NU14","bet","bet","bet","","NU","","14","2023-04-04 00:00:00","2026-04-21 11:32:41","Immaterialrättsfrågor","","Webbpublicering",""
"5163242","HA01NU15","2022/23","NU15","bet","bet","bet","","NU","","15","2023-03-31 00:00:00","2026-04-21 11:32:42","Regelförenkling för företag","","Webbpublicering",""
"5163243","HA01NU16","2022/23","NU16","bet","bet","bet","","NU","","16","2023-05-05 00:00:00","2023-08-21 13:03:18","Näringspolitik","","Webbpublicering",""
"5163244","HA01NU17","2022/23","NU17","bet","bet","bet","","NU","","17","2023-05-25 00:00:00","2023-09-04 16:29:37","Kompletterande bestämmelser till EU:s gaslagringsförordning","","Webbpublicering",""
"5152628","HA01NU2","2022/23","NU2","bet","bet","bet","","NU","","2","2022-12-13 00:00:00","2026-04-21 13:43:10","Utgiftsområde 19 Regional utveckling","","Webbpublicering",""
"5152629","HA01NU3","2022/23","NU3","bet","bet","bet","","NU","","3","2022-12-13 00:00:00","2026-03-26 10:07:15","Utgiftsområde 21 Energi","","Webbpublicering",""
"5155360","HA01NU4","2022/23","NU4","bet","bet","bet","","NU","","4","2023-02-01 00:00:00","2026-04-21 13:41:56","2022 års redogörelse för företag med statligt ägande","","Webbpublicering",""
"5149542","HA01NU5","2022/23","NU5","bet","bet","bet","","NU","","5","2022-10-27 00:00:00","2023-08-21 13:01:28","Protokoll om privilegier och immunitet för den enhetliga patentdomstolen","","Webbpublicering",""
"5149543","HA01NU6","2022/23","NU6","bet","bet","bet","","NU","","6","2022-11-24 00:00:00","2022-12-22 15:22:47","Upphovsrätten på den digitala inre marknaden","","Webbpublicering",""
"5155358","HA01NU7","2022/23","NU7","bet","bet","bet","","NU","","7","2022-12-15 00:00:00","2022-12-21 03:48:33","Ändrade konkurrensregler för vertikala avtal","","Webbpublicering",""
"5150654","HA01NU8","2022/23","NU8","bet","bet","bet","","NU","","8","2023-02-02 00:00:00","2026-04-21 13:41:57","Riksrevisionens rapport om den regionala utvecklingspolitiken","","Webbpublicering",""
"5159621","HA01NU9","2022/23","NU9","bet","bet","bet","","NU","","9","2023-04-21 00:00:00","2023-09-05 12:45:56","Genomförande av elmarknadsdirektivet när det gäller leverans av el och aggregeringstjänster","","Webbpublicering",""
"5150438","HA01SfU1","2022/23","SfU1","bet","bet","bet","","SfU","","1","2022-12-13 00:00:00","2023-01-24 16:56:01","Utgiftsområde 10 Ekonomisk trygghet vid sjukdom och funktionsnedsättning","","Webbpublicering",""
"5154196","HA01SfU10","2022/23","SfU10","bet","bet","bet","","SfU","","10","2023-02-10 00:00:00","2023-03-14 16:51:35","Socialavgifter","","Webbpublicering",""
"5154197","HA01SfU11","2022/23","SfU11","bet","bet","bet","","SfU","","11","2023-02-10 00:00:00","2023-03-14 16:51:36","Pensioner","","Webbpublicering",""
"5154198","HA01SfU12","2022/23","SfU12","bet","bet","bet","","SfU","","12","2023-02-23 00:00:00","2023-03-29 14:52:48","Riksrevisionens rapport om offentliga biträden i migrationsärenden","","Webbpublicering",""
"5154200","HA01SfU13","2022/23","SfU13","bet","bet","bet","","SfU","","13","2023-05-16 00:00:00","2023-09-04 16:22:34","Riksrevisionens rapport om spårbyte i migrationsprocessen – kontroller och uppföljning","","Webbpublicering",""
"5154199","HA01SfU14","2022/23","SfU14","bet","bet","bet","","SfU","","14","2023-04-13 00:00:00","2023-05-29 11:18:56","Socialförsäkringsfrågor","","Webbpublicering",""
"5161488","HA01SfU15","2022/23","SfU15","bet","bet","bet","","SfU","","15","2023-04-12 00:00:00","2023-05-29 11:19:05","Migrationsfrågor","","Webbpublicering",""
"5161490","HA01SfU16","2022/23","SfU16","bet","bet","bet","","SfU","","16","2023-04-27 00:00:00","2025-08-14 10:51:39","Ekonomisk familjepolitik","","Webbpublicering",""
"5161494","HA01SfU17","2022/23","SfU17","bet","bet","bet","","SfU","","17","2023-04-27 00:00:00","2025-08-14 10:52:28","Arbetskraftsinvandring","","Webbpublicering",""
"5164290","HA01SfU18","2022/23","SfU18","bet","bet","bet","","SfU","","18","2023-05-16 00:00:00","2023-05-24 19:37:08","Anpassning av svensk rätt till EU:s nya system för reseuppgifter och resetillstånd","","Webbpublicering",""
"5164295","HA01SfU19","2022/23","SfU19","bet","bet","bet","","SfU","","19","2023-05-26 00:00:00","2023-09-04 16:40:13","Nedsättningen av arbetsgivaravgifterna för personer som arbetar med forskning eller utveckling – höjt tak för avdraget","","Webbpublicering",""
"5150437","HA01SfU2","2022/23","SfU2","bet","bet","bet","","SfU","","2","2022-12-13 00:00:00","2023-01-24 16:56:02","Utgiftsområde 11 Ekonomisk trygghet vid ålderdom","","Webbpublicering",""
"5150439","HA01SfU3","2022/23","SfU3","bet","bet","bet","","SfU","","3","2022-12-13 00:00:00","2026-04-21 13:43:11","Utgiftsområde 12 Ekonomisk trygghet för familjer och barn","","Webbpublicering",""
"5150440","HA01SfU4","2022/23","SfU4","bet","bet","bet","","SfU","","4","2022-12-13 00:00:00","2026-03-26 10:07:11","Utgiftsområde 8 Migration","","Webbpublicering",""
"5146124","HA01SfU5","2022/23","SfU5","bet","bet","bet","","SfU","","5","2022-11-18 00:00:00","2022-12-14 15:53:40","Förvalsalternativet inom premiepensionen","","Webbpublicering",""
"5150408","HA01SfU6","2022/23","SfU6","bet","bet","bet","","SfU","","6","2022-11-18 00:00:00","2022-11-24 09:07:25","Anmälan av föreskrifter om att ytterligare kategorier av fördrivna personer ska ges tillfälligt skydd","","Webbpublicering",""
"5150405","HA01SfU7","2022/23","SfU7","bet","bet","bet","","SfU","","7","2022-11-25 00:00:00","2022-12-22 15:22:51","Riksrevisionens rapport om digitala läkarbesök och hyrläkare i sjukskrivningsprocessen","","Webbpublicering",""
"5150406","HA01SfU8","2022/23","SfU8","bet","bet","bet","","SfU","","8","2022-11-25 00:00:00","2022-12-22 15:22:52","Riksrevisionens rapport om migrationsdomstolarnas handläggningstider i asylmål","","Webbpublicering",""
"5150407","HA01SfU9","2022/23","SfU9","bet","bet","bet","","SfU","","9","2022-11-25 00:00:00","2022-12-22 15:22:49","Ett höjt försörjningskrav för arbetskraftsinvandrare","","Webbpublicering",""
"5152732","HA01SkU1","2022/23","SkU1","bet","bet","bet","","SkU","","1","2022-12-13 00:00:00","2026-04-21 13:43:08","Utgiftsområde 3 Skatt, tull och exekution","","Webbpublicering",""
"5163874","HA01SkU10","2022/23","SkU10","bet","bet","bet","","SkU","","10","2023-04-13 00:00:00","2023-05-31 12:07:45","Ny mervärdesskattelag","","Webbpublicering",""
"5164903","HA01SkU11","2022/23","SkU11","bet","bet","bet","","SkU","","11","2023-03-09 00:00:00","2023-04-12 17:00:47","Inkomstskatt","","Webbpublicering",""
"5165150","HA01SkU12","2022/23","SkU12","bet","bet","bet","","SkU","","12","2023-04-27 00:00:00","2023-07-05 16:58:44","Företag, kapital och fastighet","","Webbpublicering",""
"5165147","HA01SkU13","2022/23","SkU13","bet","bet","bet","","SkU","","13","2023-04-12 00:00:00","2023-06-29 17:08:44","Skatteförfarande","","Webbpublicering",""
"5165152","HA01SkU14","2022/23","SkU14","bet","bet","bet","","SkU","","14","2023-04-13 00:00:00","2023-05-29 11:19:07","Punktskatt och tull","","Webbpublicering",""
"5165153","HA01SkU15","2022/23","SkU15","bet","bet","bet","","SkU","","15","2023-03-31 00:00:00","2023-05-29 11:19:08","Mervärdesskatt","","Webbpublicering",""
"5173497","HA01SkU16","2022/23","SkU16","bet","bet","bet","","SkU","","16","2023-04-27 00:00:00","2023-06-21 15:57:03","Vissa förfarandefrågor för elstöd till företag","","Webbpublicering",""
"5169782","HA01SkU17","2022/23","SkU17","bet","bet","bet","","SkU","","17","2023-05-23 00:00:00","2023-09-04 16:29:37","Förlängning av den tillfälligt utökade skattenedsättningen på viss dieselanvändning inom jord-, skogs- och vattenbruk","","Webbpublicering",""
"5170056","HA01SkU18","2022/23","SkU18","bet","bet","bet","","SkU","","18","2023-05-23 00:00:00","2023-09-04 16:29:40","Tillfällig skattefrihet för förmån av laddel på arbetsplatsen","","Webbpublicering",""
"5170058","HA01SkU19","2022/23","SkU19","bet","bet","bet","","SkU","","19","2023-05-23 00:00:00","2023-06-01 00:45:53","Ändrad placering av betalstation för trängselskatt i Hagastaden","","Webbpublicering",""
"5148706","HA01SkU2","2022/23","SkU2","bet","bet","bet","","SkU","","2","2022-10-20 00:00:00","2022-11-17 16:22:08","BNP-indexering av skatterna på kemikalier i viss elektronik och avfallsförbränning","","Webbpublicering",""
"5173498","HA01SkU20","2022/23","SkU20","bet","bet","bet","","SkU","","20","2023-06-08 00:00:00","2023-09-19 16:39:40","Redovisning av skatteutgifter 2023","","Webbpublicering",""
"5175461","HA01SkU21","2022/23","SkU21","bet","bet","bet","","SkU","","21","2023-06-15 00:00:00","2023-06-21 21:58:54","Ändrade transparensregler inom energibeskattningen","","Webbpublicering",""
"5175479","HA01SkU22","2022/23","SkU22","bet","bet","bet","","SkU","","22","2023-06-15 00:00:00","2023-09-19 17:00:16","Skatteverket som behörig brottsbekämpande myndighet vid förenklat uppgiftsutbyte inom EU","","Webbpublicering",""
"5169813","HA01SkU23","2022/23","SkU23","bet","utl","bet","","SkU","","23","2023-03-24 00:00:00","2023-05-05 10:47:33","Förslag till rådets direktiv om ändring av direktiv 2011/16/EU om administrativt samarbete i fråga om beskattning","","Webbpublicering",""
"5152031","HA01SkU3","2022/23","SkU3","bet","bet","bet","","SkU","","3","2022-11-29 00:00:00","2022-12-22 15:22:45","Rapportering och utbyte av upplysningar om inkomster genom digitala plattformar","","Webbpublicering",""
"5148707","HA01SkU4","2022/23","SkU4","bet","bet","bet","","SkU","","4","2022-11-24 00:00:00","2022-12-22 15:22:47","Stärkt system för samordningsnummer","","Webbpublicering",""
"5148708","HA01SkU5","2022/23","SkU5","bet","bet","bet","","SkU","","5","2022-10-31 00:00:00","2022-11-09 11:26:55","Leveranser av fartygsbränsle till havs i vissa fall","","Webbpublicering",""
"5153684","HA01SkU6","2022/23","SkU6","bet","bet","bet","","SkU","","6","2022-12-15 00:00:00","2022-12-21 20:05:38","Stämpelskatt vid förvärv av fast egendom och tomträtter som görs vid delning av aktiebolag genom separation","","Webbpublicering",""
"5163255","HA01SkU7","2022/23","SkU7","bet","bet","bet","","SkU","","7","2023-02-16 00:00:00","2026-04-21 13:40:24","Höjd mervärdesskatt på vissa reparationer","","Webbpublicering",""
"5163253","HA01SkU8","2022/23","SkU8","bet","bet","bet","","SkU","","8","2023-03-24 00:00:00","2023-05-05 10:47:31","Bättre möjligheter för Skatteverket att göra dataanalyser och urval i folkbokföringsverksamheten","","Webbpublicering",""
"5155361","HA01SkU9","2022/23","SkU9","bet","bet","bet","","SkU","","9","2022-12-15 00:00:00","2023-01-31 19:47:43","En tillfällig skatt på extraordinära vinster för vissa företag under 2023","","Webbpublicering",""
"5153104","HA01SoU1","2022/23","SoU1","bet","bet","bet","","SoU","","1","2022-12-13 00:00:00","2026-03-26 10:07:16","Utgiftsområde 9 Hälsovård, sjukvård och social omsorg","","Webbpublicering",""
"5163286","HA01SoU10","2022/23","SoU10","bet","bet","bet","","SoU","","10","2023-04-27 00:00:00","2023-06-21 16:00:21","Genomförande av tillgänglighetsdirektivet","","Webbpublicering",""
"5163380","HA01SoU11","2022/23","SoU11","bet","bet","bet","","SoU","","11","2023-04-04 00:00:00","2026-04-21 11:32:34","Vissa frågor om hälso- och sjukvårdens försörjningsberedskap","","Webbpublicering",""
"5162486","HA01SoU12","2022/23","SoU12","bet","bet","bet","","SoU","","12","2023-04-24 00:00:00","2023-06-29 17:04:43","Hälso- och sjukvårdens organisation","","Webbpublicering",""
"5162488","HA01SoU13","2022/23","SoU13","bet","bet","bet","","SoU","","13","2023-04-18 00:00:00","2023-09-04 16:19:27","Prioriteringar inom hälso- och sjukvården","","Webbpublicering",""
"5162490","HA01SoU14","2022/23","SoU14","bet","bet","bet","","SoU","","14","2023-04-24 00:00:00","2026-04-21 11:30:51","Kompetensförsörjning, e-hälsa och beredskap","","Webbpublicering",""
"5162491","HA01SoU15","2022/23","SoU15","bet","bet","bet","","SoU","","15","2023-06-15 00:00:00","2023-09-19 17:00:16","Läkemedel och tandvård","","Webbpublicering",""
"5162492","HA01SoU16","2022/23","SoU16","bet","bet","bet","","SoU","","16","2023-04-26 00:00:00","2023-06-21 16:00:24","Socialtjänstens arbete","","Webbpublicering",""
"5162494","HA01SoU17","2022/23","SoU17","bet","bet","bet","","SoU","","17","2023-06-08 00:00:00","2023-09-19 16:39:44","Barn och unga inom socialtjänsten","","Webbpublicering",""
"5162495","HA01SoU18","2022/23","SoU18","bet","bet","bet","","SoU","","18","2023-06-15 00:00:00","2023-09-19 17:00:17","Socialtjänstens ansvar för våldsutsatta m.m.","","Webbpublicering",""
"5162496","HA01SoU19","2022/23","SoU19","bet","bet","bet","","SoU","","19","2023-03-17 00:00:00","2023-04-21 14:38:35","Alkohol, narkotika, dopning, tobak och spel","","Webbpublicering",""
"5149410","HA01SoU2","2022/23","SoU2","bet","bet","bet","","SoU","","2","2022-11-18 00:00:00","2022-12-14 15:53:50","Redovisning av fördelning av medel från Allmänna arvsfonden under budgetåret 2021","","Webbpublicering",""
"5162497","HA01SoU20","2022/23","SoU20","bet","bet","bet","","SoU","","20","2023-04-04 00:00:00","2023-05-22 17:09:02","Folkhälsa","","Webbpublicering",""
"5162499","HA01SoU21","2022/23","SoU21","bet","bet","bet","","SoU","","21","2023-05-30 00:00:00","2026-04-21 11:28:34","Stöd till personer med funktionsnedsättning","","Webbpublicering",""
"5162500","HA01SoU22","2022/23","SoU22","bet","bet","bet","","SoU","","22","2023-03-13 00:00:00","2026-04-21 11:34:59","Äldreomsorg","","Webbpublicering",""
"5160930","HA01SoU23","2022/23","SoU23","bet","bet","bet","","SoU","","23","2023-03-17 00:00:00","2023-03-23 20:27:20","Behandling av personuppgifter vid antalsberäkning inför klinisk forskning","","Webbpublicering",""
"5163379","HA01SoU24","2022/23","SoU24","bet","bet","bet","","SoU","","24","2023-04-17 00:00:00","2023-05-31 12:07:46","Avskiljningar vid Statens institutionsstyrelses särskilda ungdomshem","","Webbpublicering",""
"5163571","HA01SoU25","2022/23","SoU25","bet","bet","bet","","SoU","","25","2023-05-30 00:00:00","2023-06-07 21:13:20","Estetiska produkter – en övergångsbestämmelse","","Webbpublicering",""
"5163570","HA01SoU26","2022/23","SoU26","bet","bet","bet","","SoU","","26","2023-05-17 00:00:00","2023-09-04 16:19:27","En sänkt åldersgräns för öppna insatser till barn utan vårdnadshavarens samtycke","","Webbpublicering",""
"5163574","HA01SoU27","2022/23","SoU27","bet","bet","bet","","SoU","","27","2023-03-23 00:00:00","2023-03-29 21:40:17","Senarelagd anslutning till nationell läkemedelslista","","Webbpublicering",""
"5163575","HA01SoU28","2022/23","SoU28","bet","bet","bet","","SoU","","28","2023-05-05 00:00:00","2023-05-31 09:43:03","Förbättrade möjligheter att ändra kön","","planerat",""
"5176852","HA01SoU29","2022/23","SoU29","bet","bet","bet","","SoU","","29","2023-05-05 00:00:00","2023-05-05 08:43:29","Förbättrade möjligheter att ändra kön","","planerat",""
"5149411","HA01SoU3","2022/23","SoU3","bet","bet","bet","","SoU","","3","2022-11-17 00:00:00","2022-12-14 15:53:50","Vissa frågor inom hälso- och sjukvårdsområdet","","Webbpublicering",""
"5149412","HA01SoU4","2022/23","SoU4","bet","bet","bet","","SoU","","4","2022-12-16 00:00:00","2023-02-17 15:49:21","En ny biobankslag","","Webbpublicering",""
"5149413","HA01SoU5","2022/23","SoU5","bet","bet","bet","","SoU","","5","2023-01-17 00:00:00","2023-02-17 15:49:22","Ökad kontroll i hälso- och sjukvården","","Webbpublicering",""
"5154171","HA01SoU6","2022/23","SoU6","bet","bet","bet","","SoU","","6","2023-02-09 00:00:00","2023-03-14 16:51:49","Riksrevisionens rapport om statens tillsyn över apotek och partihandel med läkemedel","","Webbpublicering",""
"5154172","HA01SoU7","2022/23","SoU7","bet","bet","bet","","SoU","","7","2023-02-09 00:00:00","2023-02-22 20:40:38","Riksrevisionens rapport om statens arbete med att säkra skyddsutrustning under coronapandemin","","Webbpublicering",""
"5154173","HA01SoU8","2022/23","SoU8","bet","bet","bet","","SoU","","8","2023-02-16 00:00:00","2023-03-29 14:52:50","Vissa frågor inom hälso- och sjukvårdsområdet","","Webbpublicering",""
"5160821","HA01SoU9","2022/23","SoU9","bet","bet","bet","","SoU","","9","2022-12-13 00:00:00","2023-02-17 15:49:20","Barnets bästa vid fortsatt vård enligt LVU","","Webbpublicering",""
"5149523","HA01TU1","2022/23","TU1","bet","bet","bet","","TU","","1","2022-12-14 00:00:00","2023-01-24 16:48:51","Utgiftsområde 22 Kommunikationer","","Webbpublicering",""
"5165171","HA01TU10","2022/23","TU10","bet","bet","bet","","TU","","10","2023-05-12 00:00:00","2023-09-04 16:19:31","Vägtrafik- och fordonsfrågor","","Webbpublicering",""
"5163942","HA01TU11","2022/23","TU11","bet","bet","bet","","TU","","11","2023-05-26 00:00:00","2023-09-04 16:40:17","Luftfartsfrågor","","Webbpublicering",""
"5163944","HA01TU12","2022/23","TU12","bet","bet","bet","","TU","","12","2023-06-09 00:00:00","2023-09-19 16:44:58","Digitaliserings- och postfrågor","","Webbpublicering",""
"5163945","HA01TU13","2022/23","TU13","bet","bet","bet","","TU","","13","2023-06-13 00:00:00","2023-09-19 16:54:50","Trafiksäkerhet","","Webbpublicering",""
"5163946","HA01TU14","2022/23","TU14","bet","bet","bet","","TU","","14","2023-06-14 00:00:00","2023-09-19 16:54:50","Järnvägsfrågor","","Webbpublicering",""
"5163947","HA01TU15","2022/23","TU15","bet","bet","bet","","TU","","15","2023-06-09 00:00:00","2023-09-19 16:44:59","Riksrevisionens rapport om Transportstyrelsens tillsyn","","Webbpublicering",""
"5172095","HA01TU16","2022/23","TU16","bet","utl","bet","","TU","","16","2023-05-24 00:00:00","2023-09-04 16:40:17","En drönarstrategi för Europa","","Webbpublicering",""
"5145623","HA01TU2","2022/23","TU2","bet","bet","bet","","TU","","2","2022-11-01 00:00:00","2022-11-17 19:22:25","Åtgärder för att förhindra illegal handel via post","","Webbpublicering",""
"5145938","HA01TU3","2022/23","TU3","bet","bet","bet","","TU","","3","2022-11-01 00:00:00","2022-11-17 19:22:25","Undantag från lokaliseringsprincipen för kommunal bredbandsutbyggnad","","Webbpublicering",""
"5149392","HA01TU4","2022/23","TU4","bet","bet","bet","","TU","","4","2023-02-20 00:00:00","2023-03-22 19:42:07","Infrastrukturfrågor","","Webbpublicering",""
"5149524","HA01TU5","2022/23","TU5","bet","bet","bet","","TU","","5","2023-02-20 00:00:00","2023-03-22 19:42:07","Kollektivtrafikfrågor","","Webbpublicering",""
"5149755","HA01TU6","2022/23","TU6","bet","bet","bet","","TU","","6","2023-03-23 00:00:00","2026-04-21 11:33:43","Yrkestrafik och taxi","","Webbpublicering",""
"5163435","HA01TU7","2022/23","TU7","bet","bet","bet","","TU","","7","2023-04-13 00:00:00","2023-07-05 16:52:52","Sjöfartsfrågor","","Webbpublicering",""
"5163940","HA01TU8","2022/23","TU8","bet","bet","bet","","TU","","8","2023-03-21 00:00:00","2023-03-29 21:40:17","Mottagningsanordningar i hamn för avfall från fartyg","","Webbpublicering",""
"5163941","HA01TU9","2022/23","TU9","bet","bet","bet","","TU","","9","2023-04-21 00:00:00","2023-06-21 16:00:25","Cykelfrågor","","Webbpublicering",""
"5153106","HA01UbU1","2022/23","UbU1","bet","bet","bet","","UbU","","1","2022-12-14 00:00:00","2023-01-24 16:56:04","Utgiftsområde 16 Utbildning och  universitetsforskning","","Webbpublicering",""
"5164501","HA01UbU10","2022/23","UbU10","bet","bet","bet","","UbU","","10","2023-04-28 00:00:00","2023-07-05 16:58:45","Högskolan","","Webbpublicering",""
"5164504","HA01UbU11","2022/23","UbU11","bet","bet","bet","","UbU","","11","2023-06-02 00:00:00","2023-09-04 17:06:28","Forskning","","Webbpublicering",""
"5164507","HA01UbU12","2022/23","UbU12","bet","bet","bet","","UbU","","12","2023-03-16 00:00:00","2023-04-18 16:50:57","Riksrevisionens rapport Skolpengen – effektivitet och konsekvenser","","Webbpublicering",""
"5164510","HA01UbU13","2022/23","UbU13","bet","bet","bet","","UbU","","13","2023-05-25 00:00:00","2023-06-01 00:45:52","Nationellt professionsprogram för rektorer, lärare och förskollärare","","Webbpublicering",""
"5164514","HA01UbU14","2022/23","UbU14","bet","bet","bet","","UbU","","14","2023-05-25 00:00:00","2023-09-04 16:40:14","Ändringar som rör gymnasieskolans nationella program och ämnen m.m.","","Webbpublicering",""
"5164516","HA01UbU15","2022/23","UbU15","bet","bet","bet","","UbU","","15","2023-05-31 00:00:00","2025-08-11 15:40:41","Riksrevisionens rapport om statens insatser för likvärdig betygssättning","","Webbpublicering",""
"5164518","HA01UbU16","2022/23","UbU16","bet","bet","bet","","UbU","","16","2023-06-01 00:00:00","2023-06-14 18:53:35","Riksrevisionens rapport om Skolverkets statistikuppdrag","","Webbpublicering",""
"5166227","HA01UbU17","2022/23","UbU17","bet","bet","bet","","UbU","","17","2023-06-01 00:00:00","2023-06-14 18:53:36","Stiftelsen Riksbankens Jubileumsfonds verksamhet och årsredovisning 2022","","Webbpublicering",""
"5153107","HA01UbU2","2022/23","UbU2","bet","bet","bet","","UbU","","2","2022-12-15 00:00:00","2025-08-11 15:35:24","Utgiftsområde 15 Studiestöd","","Webbpublicering",""
"5163167","HA01UbU3","2022/23","UbU3","bet","bet","bet","","UbU","","3","2023-02-17 00:00:00","2023-03-22 19:41:53","Studiestöd","","Webbpublicering",""
"5163168","HA01UbU4","2022/23","UbU4","bet","bet","bet","","UbU","","4","2023-02-10 00:00:00","2023-03-22 19:41:57","Förskolan","","Webbpublicering",""
"5164407","HA01UbU5","2022/23","UbU5","bet","bet","bet","","UbU","","5","2023-04-21 00:00:00","2023-06-21 16:00:24","Övergripande skolfrågor","","Webbpublicering",""
"5164412","HA01UbU6","2022/23","UbU6","bet","bet","bet","","UbU","","6","2023-04-14 00:00:00","2025-08-11 15:37:28","Grundläggande om utbildning","","Webbpublicering",""
"5164460","HA01UbU7","2022/23","UbU7","bet","bet","bet","","UbU","","7","2023-04-20 00:00:00","2026-04-21 11:30:51","Lärare och elever","","Webbpublicering",""
"5164462","HA01UbU8","2022/23","UbU8","bet","bet","bet","","UbU","","8","2023-03-24 00:00:00","2023-05-31 12:08:00","Gymnasieskolan","","Webbpublicering",""
"5164465","HA01UbU9","2022/23","UbU9","bet","bet","bet","","UbU","","9","2023-04-21 00:00:00","2023-06-12 17:49:36","Vuxenutbildning","","Webbpublicering",""
"5153299","HA01UFöU1","2022/23","UFöU1","bet","bet","bet","","UFöU","","1","2022-12-01 00:00:00","2026-04-21 13:44:27","Svenskt deltagande i Förenta nationernas stabiliseringsinsats i Mali","","Webbpublicering",""
"5153371","HA01UU1","2022/23","UU1","bet","bet","bet","","UU","","1","2022-12-14 00:00:00","2023-01-20 13:40:27","Utgiftsområde 5 Internationell samverkan","","Webbpublicering",""
"5167831","HA01UU10","2022/23","UU10","bet","bet","bet","","UU","","10","2023-06-13 00:00:00","2023-09-19 16:54:44","Verksamheten i Europeiska unionen under 2022","","Webbpublicering",""
"5167832","HA01UU11","2022/23","UU11","bet","bet","bet","","UU","","11","2023-04-28 00:00:00","2023-06-29 17:04:40","Interparlamentariska unionen","","Webbpublicering",""
"5167833","HA01UU12","2022/23","UU12","bet","bet","bet","","UU","","12","2023-06-07 00:00:00","2023-09-19 16:39:40","Organisationen för säkerhet och samarbete i Europa under 2022","","Webbpublicering",""
"5167834","HA01UU13","2022/23","UU13","bet","bet","bet","","UU","","13","2023-06-09 00:00:00","2025-08-12 10:21:39","Europarådet","","Webbpublicering",""
"5167347","HA01UU14","2022/23","UU14","bet","bet","bet","","UU","","14","2023-03-31 00:00:00","2025-08-12 10:22:38","Ukraina","","Webbpublicering",""
"5167346","HA01UU15","2022/23","UU15","bet","bet","bet","","UU","","15","2023-04-28 00:00:00","2023-06-29 17:04:42","Mänskliga rättigheter","","Webbpublicering",""
"5168975","HA01UU16","2022/23","UU16","bet","bet","bet","","UU","","16","2023-03-16 00:00:00","2024-05-29 14:55:52","Sveriges medlemskap i Nato","","Webbpublicering",""
"5175178","HA01UU17","2022/23","UU17","bet","bet","bet","","UU","","17","2023-04-23 00:00:00","2025-08-12 11:42:13","Svenskt deltagande i evakueringsinsats i Sudan","","Webbpublicering",""
"5153372","HA01UU2","2022/23","UU2","bet","bet","bet","","UU","","2","2022-12-15 00:00:00","2025-08-12 10:10:02","Utgiftsområde 7 Internationellt bistånd","","Webbpublicering",""
"5163439","HA01UU3","2022/23","UU3","bet","bet","bet","","UU","","3","2023-02-24 00:00:00","2023-04-12 17:00:50","Resultatskrivelse om utvecklingssamarbete och humanitärt bistånd genom multilaterala organisationer","","Webbpublicering",""
"5150103","HA01UU4","2022/23","UU4","bet","utl","bet","","UU","","4","2022-12-02 00:00:00","2023-01-16 17:18:38","Kommissionens arbetsprogram 2023","","Webbpublicering",""
"5167823","HA01UU5","2022/23","UU5","bet","bet","bet","","UU","","5","2023-06-01 00:00:00","2026-04-21 11:28:30","Nordiskt samarbete inklusive Arktis","","Webbpublicering",""
"5163440","HA01UU6","2022/23","UU6","bet","bet","bet","","UU","","6","2023-04-03 00:00:00","2026-04-21 11:32:32","Internationellt utvecklingsbistånd","","Webbpublicering",""
"5167348","HA01UU7","2022/23","UU7","bet","bet","bet","","UU","","7","2023-03-31 00:00:00","2023-05-31 12:07:57","Internationella relationer m.m.","","Webbpublicering",""
"5163441","HA01UU8","2022/23","UU8","bet","bet","bet","","UU","","8","2023-02-24 00:00:00","2023-04-12 17:00:52","Riksrevisionens granskning om Sidas val av samarbetspartner och biståndsform","","Webbpublicering",""
"5167830","HA01UU9","2022/23","UU9","bet","bet","bet","","UU","","9","2023-06-01 00:00:00","2023-09-04 17:06:26","Strategisk exportkontroll 2022 – krigsmateriel och produkter med dubbla användningsområden","","Webbpublicering",""
"5182665","HB01AU1","2023/24","AU1","bet","bet","bet","","AU","","1","2023-12-08 00:00:00","2024-02-23 16:12:09","Utgiftsområde 13 Integration och jämställdhet","","Webbpublicering",""
"5196832","HB01AU10","2023/24","AU10","bet","bet","bet","","AU","","10","2024-06-03 00:00:00","2024-11-06 15:57:43","Riksrevisionens rapport om kontrollen av subventionerade anställningar","","Webbpublicering",""
"5208709","HB01AU11","2023/24","AU11","bet","utl","bet","","AU","","11","2024-06-13 00:00:00","2024-07-08 15:22:19","Subsidiaritetsprövning av kommissionens förslag till direktiv om stärkta arbetsvillkor för praktikanter","","Webbpublicering",""
"5182667","HB01AU2","2023/24","AU2","bet","bet","bet","","AU","","2","2023-12-08 00:00:00","2023-12-19 22:17:15","Utgiftsområde 14 Arbetsmarknad och arbetsliv","","Webbpublicering",""
"5182668","HB01AU3","2023/24","AU3","bet","bet","bet","","AU","","3","2023-12-11 00:00:00","2023-12-19 22:17:15","Arbetsmarknadspolitik och arbetslöshetsförsäkringen","","Webbpublicering",""
"5189601","HB01AU4","2023/24","AU4","bet","bet","bet","","AU","","4","2024-02-15 00:00:00","2024-06-03 15:23:17","Riksrevisionens rapport om Samhalls samhällsuppdrag","","Webbpublicering",""
"5189611","HB01AU5","2023/24","AU5","bet","bet","bet","","AU","","5","2024-02-08 00:00:00","2024-05-13 15:53:14","Arbetsrätt","","Webbpublicering",""
"5189612","HB01AU6","2023/24","AU6","bet","bet","bet","","AU","","6","2024-03-14 00:00:00","2024-07-05 14:50:02","Jämställdhet och åtgärder mot diskriminering","","Webbpublicering",""
"5189605","HB01AU7","2023/24","AU7","bet","bet","bet","","AU","","7","2024-05-08 00:00:00","2024-09-27 12:21:06","Integration","","Webbpublicering",""
"5189607","HB01AU8","2023/24","AU8","bet","bet","bet","","AU","","8","2024-04-18 00:00:00","2024-09-18 16:34:02","Arbetsmiljö och arbetstid","","Webbpublicering",""
"5196830","HB01AU9","2023/24","AU9","bet","bet","bet","","AU","","9","2024-06-03 00:00:00","2024-11-06 16:16:06","En arbetslöshetsförsäkring baserad på inkomster","","Webbpublicering",""
"5183485","HB01CU1","2023/24","CU1","bet","bet","bet","","CU","","1","2023-12-07 00:00:00","2024-02-14 19:48:35","Utgiftsområde 18 Samhällsplanering, bostadsförsörjning och byggande samt konsumentpolitik","","Webbpublicering",""
"5188044","HB01CU10","2023/24","CU10","bet","bet","bet","","CU","","10","2024-02-16 00:00:00","2024-06-24 17:46:49","Ersättningsrätt samt insolvens- och utsökningsrätt","","Webbpublicering",""
"5188046","HB01CU11","2023/24","CU11","bet","bet","bet","","CU","","11","2024-04-19 00:00:00","2026-04-20 15:25:57","Konsumenträtt m.m.","","Webbpublicering",""
"5188047","HB01CU12","2023/24","CU12","bet","bet","bet","","CU","","12","2024-03-12 00:00:00","2024-03-22 02:50:47","Fastighetsrätt","","Webbpublicering",""
"5188048","HB01CU13","2023/24","CU13","bet","bet","bet","","CU","","13","2024-02-29 00:00:00","2024-06-24 17:46:52","Bostadspolitik","","Webbpublicering",""
"5188049","HB01CU14","2023/24","CU14","bet","bet","bet","","CU","","14","2024-01-26 00:00:00","2024-04-25 18:52:44","Associationsrätt","","Webbpublicering",""
"5188051","HB01CU15","2023/24","CU15","bet","bet","bet","","CU","","15","2024-03-27 00:00:00","2024-08-23 14:36:33","Planering och byggande","","Webbpublicering",""
"5188052","HB01CU16","2023/24","CU16","bet","bet","bet","","CU","","16","2024-04-19 00:00:00","2026-04-20 15:25:59","Hushållningen med mark- och vattenområden","","Webbpublicering",""
"5188053","HB01CU17","2023/24","CU17","bet","bet","bet","","CU","","17","2024-03-12 00:00:00","2024-07-05 14:50:04","Hyresrätt m.m.","","Webbpublicering",""
"5189013","HB01CU18","2023/24","CU18","bet","utl","bet","","CU","","18","2023-11-17 00:00:00","2023-12-15 19:44:28","Subsidiaritetsprövning av kommissionens förslag till förordning om bekämpande av sena betalningar vid affärstransaktioner","","Webbpublicering",""
"5195414","HB01CU19","2023/24","CU19","bet","bet","bet","","CU","","19","2024-03-27 00:00:00","2024-08-23 14:36:35","Information om bränsleförbrukning och koldioxidutsläpp vid marknadsföring av nya personbilar","","Webbpublicering",""
"5175957","HB01CU2","2023/24","CU2","bet","bet","bet","","CU","","2","2023-10-17 00:00:00","2023-11-16 16:49:41","Riksrevisionens rapport om statens insatser för klimatanpassning av den byggda miljön","","Webbpublicering",""
"5203502","HB01CU20","2023/24","CU20","bet","bet","bet","","CU","","20","2024-05-15 00:00:00","2026-04-20 15:19:20","Åtgärder för tryggare bostadsområden","","Webbpublicering",""
"5201305","HB01CU21","2023/24","CU21","bet","bet","bet","","CU","","21","2024-05-16 00:00:00","2024-10-18 14:29:17","Avskaffat krav på bevarande av räkenskapsinformation i original","","Webbpublicering",""
"5207777","HB01CU22","2023/24","CU22","bet","bet","bet","","CU","","22","2024-06-18 00:00:00","2024-09-25 17:10:04","2018 års ändringar i fördraget om internationell järnvägstrafik","","Webbpublicering",""
"5204239","HB01CU23","2023/24","CU23","bet","bet","bet","","CU","","23","2024-05-22 00:00:00","2026-04-20 15:17:23","Nya regler om hållbarhetsrapportering","","Webbpublicering",""
"5205302","HB01CU24","2023/24","CU24","bet","bet","bet","","CU","","24","2024-06-18 00:00:00","2024-09-25 17:10:04","Riksrevisionens rapport om statens hantering av markintrång","","Webbpublicering",""
"5176184","HB01CU3","2023/24","CU3","bet","bet","bet","","CU","","3","2023-10-17 00:00:00","2023-10-25 17:03:56","Ändrade bestämmelser om arbetstid för vattenverksamhet","","Webbpublicering",""
"5182872","HB01CU4","2023/24","CU4","bet","bet","bet","","CU","","4","2023-11-16 00:00:00","2023-12-15 19:44:25","Grupptalan till skydd för konsumenters kollektiva intressen","","Webbpublicering",""
"5182918","HB01CU5","2023/24","CU5","bet","bet","bet","","CU","","5","2023-11-16 00:00:00","2023-11-22 17:28:23","Digitala bolags- och föreningsstämmor","","Webbpublicering",""
"5183065","HB01CU6","2023/24","CU6","bet","bet","bet","","CU","","6","2023-11-10 00:00:00","2025-11-21 09:57:10","Nya trafikförsäkringsregler – stärkt skydd för dem som skadas i trafiken","","Webbpublicering",""
"5184262","HB01CU7","2023/24","CU7","bet","bet","bet","","CU","","7","2024-01-26 00:00:00","2024-04-25 18:52:45","Avgift vid prövning av en tvist hos Allmänna reklamationsnämnden","","Webbpublicering",""
"5183242","HB01CU8","2023/24","CU8","bet","bet","bet","","CU","","8","2023-11-16 00:00:00","2023-12-15 19:44:28","Näringsförbud till följd av förbud att bedriva näringsverksamhet som har meddelats i en annan stat","","Webbpublicering",""
"5188043","HB01CU9","2023/24","CU9","bet","bet","bet","","CU","","9","2024-04-12 00:00:00","2024-09-06 15:13:09","Familjerätt","","Webbpublicering",""
"5182428","HB01FiU1","2023/24","FiU1","bet","bet","bet","","FiU","","1","2023-11-24 00:00:00","2024-06-17 11:44:05","Statens budget 2024 - Rambeslutet","","Webbpublicering",""
"5182894","HB01FiU10","2023/24","FiU10","bet","bet","bet","","FiU","","10","2023-12-20 00:00:00","2023-12-20 14:53:27","Statens budget för 2024","","Webbpublicering",""
"5182633","HB01FiU11","2023/24","FiU11","bet","bet","bet","","FiU","","11","2023-11-24 00:00:00","2024-01-17 16:24:19","Höständringsbudget för 2023","","Webbpublicering",""
"5182893","HB01FiU12","2023/24","FiU12","bet","bet","bet","","FiU","","12","2023-11-27 00:00:00","2024-08-21 13:35:24","En effektivare upphandlingstillsyn","","Webbpublicering",""
"5183199","HB01FiU13","2023/24","FiU13","bet","bet","bet","","FiU","","13","2023-10-17 00:00:00","2023-10-25 17:03:57","EU:s kapitaltäcknings- och krishanteringsregelverk – några förtydliganden","","Webbpublicering",""
"5183200","HB01FiU14","2023/24","FiU14","bet","bet","bet","","FiU","","14","2023-10-27 00:00:00","2023-11-15 20:07:15","Ändrade belopp i euro i försäkringsrörelselagen","","Webbpublicering",""
"5183201","HB01FiU15","2023/24","FiU15","bet","bet","bet","","FiU","","15","2024-02-16 00:00:00","2024-08-21 13:39:37","Ökad motståndskraft i betalningssystemet","","Webbpublicering",""
"5183203","HB01FiU16","2023/24","FiU16","bet","bet","bet","","FiU","","16","2024-03-21 00:00:00","2024-04-10 23:52:31","Riksrevisionens rapport om Riksbankens tillgångsköp","","Webbpublicering",""
"5183765","HB01FiU17","2023/24","FiU17","bet","utl","bet","","FiU","","17","2023-09-26 00:00:00","2023-09-27 10:27:58","Subsidiaritetsprövning av kommissionens förslag till ny ändring av systemet för Europeiska unionens egna medel","","Webbpublicering",""
"5184854","HB01FiU18","2023/24","FiU18","bet","bet","bet","","FiU","","18","2023-11-16 00:00:00","2023-11-22 17:28:23","Förvärv och förvaltning av vissa kreditavtal","","Webbpublicering",""
"5187116","HB01FiU19","2023/24","FiU19","bet","bet","bet","","FiU","","19","2023-11-17 00:00:00","2023-12-15 19:44:22","Ersättning för Riksbankens deltagande i Internationella valutafondens (IMF) finansieringslösning avseende skuldavskrivning beträffande Somalia","","Webbpublicering",""
"5182429","HB01FiU2","2023/24","FiU2","bet","bet","bet","","FiU","","2","2023-12-14 00:00:00","2024-06-25 15:05:55","Utgiftsområde 2 Samhällsekonomi och finansförvaltning","","Webbpublicering",""
"5187953","HB01FiU20","2023/24","FiU20","bet","bet","bet","","FiU","","20","2024-06-13 00:00:00","2026-04-20 15:15:44","Riktlinjer för den ekonomiska politiken","","Webbpublicering",""
"5189292","HB01FiU21","2023/24","FiU21","bet","bet","bet","","FiU","","21","2024-05-31 00:00:00","2024-11-06 15:54:54","Vårändringsbudget för 2024","","Webbpublicering",""
"5187946","HB01FiU22","2023/24","FiU22","bet","bet","bet","","FiU","","22","2024-03-15 00:00:00","2024-07-05 14:49:54","Finansiell stabilitet och finansmarknadsfrågor","","Webbpublicering",""
"5189378","HB01FiU23","2023/24","FiU23","bet","bet","bet","","FiU","","23","2024-04-25 00:00:00","2024-05-15 16:21:10","Riksbankens verksamhet och förvaltning 2023","","Webbpublicering",""
"5193043","HB01FiU24","2023/24","FiU24","bet","bet","bet","","FiU","","24","2024-06-12 00:00:00","2024-06-19 16:39:01","Uppföljning och utvärdering av Riksbankens penningpolitik 2023","","Webbpublicering",""
"5187949","HB01FiU25","2023/24","FiU25","bet","bet","bet","","FiU","","25","2024-02-27 00:00:00","2024-06-24 17:46:46","Statlig förvaltning och statistikfrågor","","Webbpublicering",""
"5187945","HB01FiU26","2023/24","FiU26","bet","bet","bet","","FiU","","26","2024-02-16 00:00:00","2026-04-20 15:28:37","Kommunala frågor","","Webbpublicering",""
"5187864","HB01FiU27","2023/24","FiU27","bet","bet","bet","","FiU","","27","2023-10-24 00:00:00","2023-11-16 16:49:34","Extra ändringsbudget för 2023 – Ytterligare försvarsmateriel till Ukraina","","Webbpublicering",""
"5203693","HB01FiU28","2023/24","FiU28","bet","bet","bet","","FiU","","28","2024-06-13 00:00:00","2026-04-20 15:15:58","Riksbankens framställning om återställning av eget kapital – ändring i statens budget för 2024","","Webbpublicering",""
"5196989","HB01FiU29","2023/24","FiU29","bet","bet","bet","","FiU","","29","2024-05-14 00:00:00","2024-05-22 21:44:05","Prövning av ärenden enligt EU:s förordning om marknader för kryptotillgångar","","Webbpublicering",""
"5182430","HB01FiU3","2023/24","FiU3","bet","bet","bet","","FiU","","3","2023-12-14 00:00:00","2024-02-26 17:37:53","Utgiftsområde 25 Allmänna bidrag till kommuner","","Webbpublicering",""
"5192828","HB01FiU30","2023/24","FiU30","bet","bet","bet","","FiU","","30","2024-06-13 00:00:00","2024-06-19 17:36:09","Årsredovisning för staten 2023","","Webbpublicering",""
"5196990","HB01FiU31","2023/24","FiU31","bet","bet","bet","","FiU","","31","2024-05-14 00:00:00","2024-05-22 21:44:05","Samverkan om kontracykliska buffertvärden","","Webbpublicering",""
"5196991","HB01FiU32","2023/24","FiU32","bet","bet","bet","","FiU","","32","2024-06-11 00:00:00","2024-06-19 16:39:01","Utvärdering av statens upplåning och skuldförvaltning 2019–2023","","Webbpublicering",""
"5197291","HB01FiU33","2023/24","FiU33","bet","bet","bet","","FiU","","33","2024-03-19 00:00:00","2025-08-11 15:31:34","Extra ändringsbudget för 2024 – Försvarsmateriel och ekonomiskt stöd till Ukraina","","Webbpublicering",""
"5187947","HB01FiU34","2023/24","FiU34","bet","bet","bet","","FiU","","34","2024-02-16 00:00:00","2025-08-11 15:33:18","Offentlig upphandling","","Webbpublicering",""
"5205040","HB01FiU35","2023/24","FiU35","bet","bet","bet","","FiU","","35","2024-04-23 00:00:00","2024-09-18 16:34:12","Extra ändringsbudget för 2024 – Åtgärder i samband med rekonstruktion av SAS AB","","Webbpublicering",""
"5210148","HB01FiU36","2023/24","FiU36","bet","bet","bet","","FiU","","36","2024-06-13 00:00:00","2024-11-06 16:16:06","Extra ändringsbudget för 2024 – Ytterligare försvarsmateriel och ekonomiskt stöd till Ukraina","","Webbpublicering",""
"5182432","HB01FiU4","2023/24","FiU4","bet","bet","bet","","FiU","","4","2023-12-14 00:00:00","2023-12-21 03:55:16","Utgiftsområde 26 Statsskuldsräntor m.m.","","Webbpublicering",""
"5182434","HB01FiU5","2023/24","FiU5","bet","bet","bet","","FiU","","5","2023-12-14 00:00:00","2024-02-26 17:37:56","Utgiftsområde 27 Avgiften till Europeiska unionen","","Webbpublicering",""
"5178586","HB01FiU6","2023/24","FiU6","bet","bet","bet","","FiU","","6","2023-11-07 00:00:00","2025-11-21 09:57:09","Redovisning av AP-fondernas verksamhet t.o.m. 2022","","Webbpublicering",""
"5180747","HB01FiU7","2023/24","FiU7","bet","bet","bet","","FiU","","7","2023-11-23 00:00:00","2023-11-30 23:41:56","Förstärkt reglering av valutaväxlare och andra finansiella institut","","Webbpublicering",""
"5182892","HB01FiU8","2023/24","FiU8","bet","bet","bet","","FiU","","8","2023-11-16 00:00:00","2023-11-22 17:28:23","Nya bestämmelser om hur Sjunde AP-fonden ska lämna hållbarhetsinformation","","Webbpublicering",""
"5177023","HB01FiU9","2023/24","FiU9","bet","bet","bet","","FiU","","9","2023-10-17 00:00:00","2023-10-25 17:03:56","Riksrevisorns årliga rapport 2023","","Webbpublicering",""
"5187865","HB01FöU1","2023/24","FöU1","bet","bet","bet","","FöU","","1","2023-11-30 00:00:00","2026-04-20 15:34:00","Utgiftsområde 6 Försvar och samhällets krisberedskap","","Webbpublicering",""
"5199556","HB01FöU10","2023/24","FöU10","bet","bet","bet","","FöU","","10","2024-05-22 00:00:00","2026-04-20 15:17:16","Sveriges tillträde till vissa Natoavtal","","Webbpublicering",""
"5199557","HB01FöU11","2023/24","FöU11","bet","bet","bet","","FöU","","11","2024-05-22 00:00:00","2024-05-29 18:06:59","Signalspaning i försvarsunderrättelseverksamhet – åtgärder med anledning av Europadomstolens dom","","Webbpublicering",""
"5199558","HB01FöU12","2023/24","FöU12","bet","bet","bet","","FöU","","12","2024-06-13 00:00:00","2026-04-20 15:15:57","Explosiva varor – ett nationellt tillståndsregister och kriminalisering av förstadier till brott mot tillståndsplikten","","Webbpublicering",""
"5191148","HB01FöU2","2023/24","FöU2","bet","bet","bet","","FöU","","2","2023-12-19 00:00:00","2026-04-20 15:32:28","Riksrevisionens rapport om regeringens styrning av samhällets informations- och cybersäkerhet","","Webbpublicering",""
"5199550","HB01FöU3","2023/24","FöU3","bet","bet","bet","","FöU","","3","2024-04-19 00:00:00","2026-04-20 15:25:59","Personalförsörjning","","Webbpublicering",""
"5199551","HB01FöU4","2023/24","FöU4","bet","bet","bet","","FöU","","4","2024-04-08 00:00:00","2026-04-20 15:27:15","Militära frågor","","Webbpublicering",""
"5191509","HB01FöU5","2023/24","FöU5","bet","bet","bet","","FöU","","5","2024-02-15 00:00:00","2026-04-20 15:28:35","Integritetsskydd vid signalspaning i försvarsunderrättelseverksamhet","","Webbpublicering",""
"5191507","HB01FöU6","2023/24","FöU6","bet","bet","bet","","FöU","","6","2024-02-01 00:00:00","2026-04-20 15:30:54","Försvarspolitik och totalförsvar","","Webbpublicering",""
"5199552","HB01FöU7","2023/24","FöU7","bet","bet","bet","","FöU","","7","2024-04-08 00:00:00","2026-04-20 15:27:16","Samhällets krisberedskap","","Webbpublicering",""
"5199553","HB01FöU8","2023/24","FöU8","bet","bet","bet","","FöU","","8","2024-05-06 00:00:00","2026-04-20 15:24:28","Finansiering av kommuners medverkan i frågor om slutförvar","","Webbpublicering",""
"5199554","HB01FöU9","2023/24","FöU9","bet","bet","bet","","FöU","","9","2024-05-14 00:00:00","2026-04-20 15:19:18","Riksrevisionens rapport om nödnumret 112 – statens och SOS Alarms hantering av larm","","Webbpublicering",""
"5184316","HB01JuU1","2023/24","JuU1","bet","bet","bet","","JuU","","1","2023-11-30 00:00:00","2024-01-26 14:58:09","Utgiftsområde 4 Rättsväsendet","","Webbpublicering",""
"5188303","HB01JuU10","2023/24","JuU10","bet","bet","bet","","JuU","","10","2024-02-08 00:00:00","2024-05-27 17:34:50","2023 års redogörelse för tillämpningen av lagen om särskild kontroll av vissa utlänningar","","Webbpublicering",""
"5188304","HB01JuU11","2023/24","JuU11","bet","bet","bet","","JuU","","11","2024-02-08 00:00:00","2024-05-27 17:34:40","Tillfälliga förbud att transportera personer utan giltiga identitetshandlingar till Sverige","","Webbpublicering",""
"5188305","HB01JuU12","2023/24","JuU12","bet","bet","bet","","JuU","","12","2024-01-23 00:00:00","2026-04-20 15:32:24","Preventiva vistelseförbud","","Webbpublicering",""
"5188307","HB01JuU13","2023/24","JuU13","bet","bet","bet","","JuU","","13","2024-04-09 00:00:00","2024-08-29 16:10:09","Säkerhetszoner","","Webbpublicering",""
"5188310","HB01JuU14","2023/24","JuU14","bet","bet","bet","","JuU","","14","2024-02-08 00:00:00","2024-05-27 17:31:21","Vapenfrågor","","Webbpublicering",""
"5189409","HB01JuU15","2023/24","JuU15","bet","bet","bet","","JuU","","15","2024-02-08 00:00:00","2024-05-27 17:31:22","Terrorism","","Webbpublicering",""
"5189410","HB01JuU16","2023/24","JuU16","bet","bet","bet","","JuU","","16","2024-04-08 00:00:00","2024-09-06 15:13:06","Polisfrågor","","Webbpublicering",""
"5189411","HB01JuU17","2023/24","JuU17","bet","bet","bet","","JuU","","17","2024-04-17 00:00:00","2024-09-06 15:18:53","Kriminalvårdsfrågor","","Webbpublicering",""
"5189412","HB01JuU18","2023/24","JuU18","bet","bet","bet","","JuU","","18","2024-04-12 00:00:00","2024-08-29 16:22:29","Våldsbrott och brottsoffer","","Webbpublicering",""
"5189413","HB01JuU19","2023/24","JuU19","bet","bet","bet","","JuU","","19","2024-04-17 00:00:00","2024-09-06 15:18:53","Unga lagöverträdare","","Webbpublicering",""
"5184317","HB01JuU2","2023/24","JuU2","bet","bet","bet","","JuU","","2","2023-10-27 00:00:00","2023-12-01 15:36:48","Ekonomiska sanktioner mot terrorism","","Webbpublicering",""
"5189414","HB01JuU20","2023/24","JuU20","bet","bet","bet","","JuU","","20","2024-04-17 00:00:00","2024-09-06 15:18:55","Straffrättsliga frågor","","Webbpublicering",""
"5189408","HB01JuU21","2023/24","JuU21","bet","bet","bet","","JuU","","21","2024-04-09 00:00:00","2024-09-06 15:13:09","Processrättsliga frågor","","Webbpublicering",""
"5197534","HB01JuU22","2023/24","JuU22","bet","utl","bet","","JuU","","22","2024-05-07 00:00:00","2024-09-27 12:21:07","EU:s färdplan för att bekämpa narkotikahandel och organiserad brottslighet","","Webbpublicering",""
"5196069","HB01JuU23","2023/24","JuU23","bet","bet","bet","","JuU","","23","2024-04-12 00:00:00","2024-08-29 16:22:28","Nationell strategi mot våldsbejakande extremism och terrorism – förebygga, förhindra, skydda och hantera","","Webbpublicering",""
"5197454","HB01JuU24","2023/24","JuU24","bet","bet","bet","","JuU","","24","2024-06-11 00:00:00","2024-11-06 16:13:57","Preventiva tvångsmedel för att förebygga och förhindra allvarliga brott","","Webbpublicering",""
"5197455","HB01JuU25","2023/24","JuU25","bet","bet","bet","","JuU","","25","2024-01-26 00:00:00","2024-06-03 15:01:15","En ny förverkandelagstiftning","","planerat",""
"5197456","HB01JuU26","2023/24","JuU26","bet","bet","bet","","JuU","","26","2024-05-23 00:00:00","2024-10-25 16:32:06","Bättre möjligheter att verkställa frihetsberövanden","","Webbpublicering",""
"5202108","HB01JuU27","2023/24","JuU27","bet","bet","bet","","JuU","","27","2024-05-23 00:00:00","2024-10-25 16:32:07","Sveriges deltagande i Europeiska åklagarmyndigheten","","Webbpublicering",""
"5202764","HB01JuU28","2023/24","JuU28","bet","bet","bet","","JuU","","28","2024-04-23 00:00:00","2024-09-18 16:33:57","Stärkt skydd för vissa polisanställda","","Webbpublicering",""
"5198141","HB01JuU29","2023/24","JuU29","bet","bet","bet","","JuU","","29","2024-04-25 00:00:00","2024-09-18 16:43:28","Motståndskraft och handlingskraft – en nationell strategi mot organiserad brottslighet","","Webbpublicering",""
"5184318","HB01JuU3","2023/24","JuU3","bet","bet","bet","","JuU","","3","2023-10-26 00:00:00","2023-11-15 20:07:15","Vissa frågor om justitieråd och om advokater","","Webbpublicering",""
"5198345","HB01JuU30","2023/24","JuU30","bet","utl","bet","","JuU","","30","2024-02-29 00:00:00","2024-06-24 17:46:48","Subsidiaritetsprövning av kommissionens förslag till förordning om stärkt polissamarbete i fråga om människosmuggling och att stärka Europols stöd för att förebygga och motverka sådan brottslighet","","Webbpublicering",""
"5202562","HB01JuU31","2023/24","JuU31","bet","bet","bet","","JuU","","31","2024-05-31 00:00:00","2024-11-13 13:33:52","Barriärer mot brott - en socialpreventiv strategi mot kriminella nätverk och annan brottslighet","","Webbpublicering",""
"5201026","HB01JuU32","2023/24","JuU32","bet","bet","bet","","JuU","","32","2024-05-16 00:00:00","2024-05-22 21:44:05","Redogörelse för verksamheten inom den gemensamma parlamentariska kontrollgruppen för Europol och riksdagsdelegationens arbete under 2023","","Webbpublicering",""
"5205411","HB01JuU33","2023/24","JuU33","bet","bet","bet","","JuU","","33","2024-04-16 00:00:00","2024-05-28 10:56:43","Överlämnande av mål mellan allmänna förvaltningsdomstolar","","planerat",""
"5187944","HB01JuU4","2023/24","JuU4","bet","bet","bet","","JuU","","4","2023-12-07 00:00:00","2024-02-14 19:48:35","Skjutvapen och explosiva varor – skärpta straff för de allvarligare brotten","","Webbpublicering",""
"5188128","HB01JuU5","2023/24","JuU5","bet","bet","bet","","JuU","","5","2024-02-02 00:00:00","2024-02-07 18:50:32","Ändringar i regelverket om överlämnande enligt en europeisk och nordisk arresteringsorder","","Webbpublicering",""
"5183296","HB01JuU6","2023/24","JuU6","bet","bet","bet","","JuU","","6","2023-11-17 00:00:00","2023-12-15 19:44:32","Riksrevisionens rapport om Polismyndighetens arbete med särskilda händelser riktade mot organiserad brottslighet","","Webbpublicering",""
"5183297","HB01JuU7","2023/24","JuU7","bet","bet","bet","","JuU","","7","2023-11-16 00:00:00","2023-12-15 19:44:32","Riksrevisionens rapport om Polismyndighetens hantering av mängdbrott","","Webbpublicering",""
"5188063","HB01JuU8","2023/24","JuU8","bet","bet","bet","","JuU","","8","2024-02-02 00:00:00","2026-04-20 15:30:51","Skärpt återbetalningsskyldighet i brottmål","","Webbpublicering",""
"5188302","HB01JuU9","2023/24","JuU9","bet","bet","bet","","JuU","","9","2024-02-08 00:00:00","2024-05-27 17:34:49","Redovisning av användningen av hemliga tvångsmedel under 2022","","Webbpublicering",""
"5183753","HB01KrU1","2023/24","KrU1","bet","bet","bet","","KrU","","1","2023-12-01 00:00:00","2026-04-20 15:34:01","Utgiftsområde 17 Kultur, medier, trossamfund och fritid","","Webbpublicering",""
"5193875","HB01KrU10","2023/24","KrU10","bet","bet","bet","","KrU","","10","2024-04-18 00:00:00","2024-09-18 16:34:00","Kultur för alla","","Webbpublicering",""
"5203986","HB01KrU11","2023/24","KrU11","bet","bet","bet","","KrU","","11","2024-06-05 00:00:00","2024-11-06 15:55:02","Det kyrkliga kulturarvet","","Webbpublicering",""
"5188740","HB01KrU2","2023/24","KrU2","bet","bet","bet","","KrU","","2","2024-01-24 00:00:00","2024-06-26 16:14:12","Riksrevisionens rapport om statlig bidragsgivning till civilsamhället","","Webbpublicering",""
"5189318","HB01KrU3","2023/24","KrU3","bet","bet","bet","","KrU","","3","2024-03-08 00:00:00","2024-07-05 14:44:17","Public service och film","","Webbpublicering",""
"5189422","HB01KrU4","2023/24","KrU4","bet","bet","bet","","KrU","","4","2024-02-21 00:00:00","2024-06-26 16:14:14","Folkbildning","","Webbpublicering",""
"5189778","HB01KrU5","2023/24","KrU5","bet","bet","bet","","KrU","","5","2024-02-22 00:00:00","2024-07-05 14:44:17","Kulturarv","","Webbpublicering",""
"5191160","HB01KrU6","2023/24","KrU6","bet","bet","bet","","KrU","","6","2024-04-15 00:00:00","2024-09-06 15:13:19","Idrott och friluftsliv","","Webbpublicering",""
"5191162","HB01KrU7","2023/24","KrU7","bet","bet","bet","","KrU","","7","2024-06-13 00:00:00","2024-11-06 16:16:10","Statens stöd till trossamfund och civilsamhället","","Webbpublicering",""
"5191630","HB01KrU8","2023/24","KrU8","bet","bet","bet","","KrU","","8","2024-03-25 00:00:00","2024-08-23 14:34:01","Kultur och fritid för barn och unga","","Webbpublicering",""
"5197008","HB01KrU9","2023/24","KrU9","bet","bet","bet","","KrU","","9","2024-04-18 00:00:00","2024-09-18 16:33:59","Spelfrågor","","Webbpublicering",""
"5184536","HB01KU1","2023/24","KU1","bet","bet","bet","","KU","","1","2023-12-06 00:00:00","2026-04-20 15:33:59","Utgiftsområde 1 Rikets styrelse","","Webbpublicering",""
"5190585","HB01KU10","2023/24","KU10","bet","bet","bet","","KU","","10","2023-11-14 00:00:00","2024-08-26 10:14:35","Granskning av statsrådens tjänsteutövning och regeringsärendenas handläggning","","planerat",""
"5198625","HB01KU11","2023/24","KU11","bet","bet","bet","","KU","","11","2024-05-03 00:00:00","2026-04-20 15:24:22","Justitieombudsmännens ämbetsberättelse","","Webbpublicering",""
"5198626","HB01KU12","2023/24","KU12","bet","bet","bet","","KU","","12","2024-05-03 00:00:00","2026-04-20 15:24:24","Valfrågor","","Webbpublicering",""
"5198632","HB01KU13","2023/24","KU13","bet","bet","bet","","KU","","13","2024-03-25 00:00:00","2024-08-23 14:33:58","Fri- och rättigheter","","Webbpublicering",""
"5198627","HB01KU14","2023/24","KU14","bet","bet","bet","","KU","","14","2024-04-12 00:00:00","2024-08-29 16:22:27","Riksdagens arbetsformer","","Webbpublicering",""
"5198628","HB01KU15","2023/24","KU15","bet","bet","bet","","KU","","15","2024-02-29 00:00:00","2024-06-26 16:14:03","Kommunala och regionala frågor","","Webbpublicering",""
"5198629","HB01KU16","2023/24","KU16","bet","bet","bet","","KU","","16","2024-03-25 00:00:00","2024-08-23 14:33:58","Författningsfrågor","","Webbpublicering",""
"5198630","HB01KU17","2023/24","KU17","bet","bet","bet","","KU","","17","2024-06-03 00:00:00","2024-11-06 15:49:13","Riksrevisionens årsredovisning för 2023","","Webbpublicering",""
"5198633","HB01KU18","2023/24","KU18","bet","bet","bet","","KU","","18","2024-05-06 00:00:00","2026-04-20 15:24:26","Minoritetsfrågor","","Webbpublicering",""
"5198634","HB01KU19","2023/24","KU19","bet","utl","bet","","KU","","19","2024-03-13 00:00:00","2024-07-05 14:49:53","Rapport om subsidiaritet och proportionalitet och om förbindelserna med de nationella parlamenten","","Webbpublicering",""
"5184469","HB01KU2","2023/24","KU2","bet","bet","bet","","KU","","2","2023-10-19 00:00:00","2023-11-16 16:49:34","Effektiv ekonomistyrning i kommuner och regioner","","Webbpublicering",""
"5198653","HB01KU20","2023/24","KU20","bet","bet","bet","","KU","","20","2024-05-31 00:00:00","2025-06-17 16:56:49","Granskningsbetänkande","","Webbpublicering",""
"0","HB01KU20d2","2023/24","KU20","bet","bet","bet","d2","KU","","20","2024-01-01 00:00:00","2024-06-14 15:43:05","Granskningsbetänkande del 2","","","HB01KU20"
"0","HB01KU20d3","2023/24","KU20","bet","bet","bet","d3","KU","","20","2024-01-01 00:00:00","2024-06-14 15:43:17","Granskningsbetänkande del 3","","","HB01KU20"
"5198635","HB01KU21","2023/24","KU21","bet","bet","bet","","KU","","21","2024-06-04 00:00:00","2024-11-06 15:49:13","Behandlingen av riksdagens skrivelser","","Webbpublicering",""
"5203041","HB01KU22","2023/24","KU22","bet","bet","bet","","KU","","22","2024-05-16 00:00:00","2024-10-18 14:29:19","En tydligare bestämmelse om hets mot folkgrupp","","Webbpublicering",""
"5198637","HB01KU23","2023/24","KU23","bet","bet","bet","","KU","","23","2024-05-30 00:00:00","2024-11-06 15:49:14","Kommittéberättelse – kommittéernas verksamhet under 2023","","Webbpublicering",""
"5203042","HB01KU24","2023/24","KU24","bet","bet","bet","","KU","","24","2024-06-04 00:00:00","2024-11-06 15:49:15","Tydligare regler för val till Sametinget","","Webbpublicering",""
"5198639","HB01KU25","2023/24","KU25","bet","bet","bet","","KU","","25","2024-02-07 00:00:00","2024-02-15 10:02:14","Indelning i utgiftsområden","","planerat",""
"5198642","HB01KU26","2023/24","KU26","bet","bet","bet","","KU","","26","2024-05-30 00:00:00","2024-06-12 20:25:56","Verksamhetsredogörelser för riksdagens nämnder, m.m.","","Webbpublicering",""
"5203044","HB01KU27","2023/24","KU27","bet","bet","bet","","KU","","27","2024-05-16 00:00:00","2024-10-18 14:29:19","En ny lag om uppgiftsskyldighet för att motverka felaktiga utbetalningar från välfärdssystemen samt fusk, regelöverträdelser och brottslighet i arbetslivet","","Webbpublicering",""
"5187863","HB01KU3","2023/24","KU3","bet","bet","bet","","KU","","3","2023-11-09 00:00:00","2025-11-21 09:57:21","Ett hållbart mediestöd för hela landet","","Webbpublicering",""
"5184331","HB01KU4","2023/24","KU4","bet","utl","bet","","KU","","4","2023-09-28 00:00:00","2025-04-22 09:53:59","Subsidiaritetsprövning av kommissionens förslag till förordning om fastställande av ytterligare förfaranderegler avseende verkställighet av dataskyddsförordningen","","Webbpublicering",""
"5190378","HB01KU5","2023/24","KU5","bet","bet","bet","","KU","","5","2023-12-18 00:00:00","2024-01-10 13:34:28","Uppföljning av riksdagens tillämpning av subsidiaritetsprincipen","","Webbpublicering",""
"5198620","HB01KU6","2023/24","KU6","bet","bet","bet","","KU","","6","2024-02-29 00:00:00","2024-06-26 16:14:02","Sekretess för uppgifter om jägare hos länsstyrelsen och Polismyndigheten","","Webbpublicering",""
"5198622","HB01KU7","2023/24","KU7","bet","bet","bet","","KU","","7","2024-04-11 00:00:00","2024-08-29 16:22:21","Likvärdiga krav på mål och riktlinjer för utförare av kommunal verksamhet","","Webbpublicering",""
"5198624","HB01KU8","2023/24","KU8","bet","bet","bet","","KU","","8","2024-02-29 00:00:00","2024-08-26 10:28:12","Offentlig förvaltning","","Webbpublicering",""
"5198646","HB01KU9","2023/24","KU9","bet","bet","bet","","KU","","9","2024-02-29 00:00:00","2024-07-05 14:49:52","Tryck- och yttrandefrihet, massmediefrågor","","Webbpublicering",""
"5184111","HB01MJU1","2023/24","MJU1","bet","bet","bet","","MJU","","1","2023-12-11 00:00:00","2024-02-23 16:17:56","Utgiftsområde 20 Klimat, miljö och natur","","Webbpublicering",""
"5196782","HB01MJU10","2023/24","MJU10","bet","bet","bet","","MJU","","10","2024-03-08 00:00:00","2024-08-23 14:26:40","Fiskeripolitik","","Webbpublicering",""
"5196953","HB01MJU11","2023/24","MJU11","bet","bet","bet","","MJU","","11","2024-03-26 00:00:00","2024-08-23 14:36:22","Djurskydd","","Webbpublicering",""
"5196951","HB01MJU12","2023/24","MJU12","bet","bet","bet","","MJU","","12","2024-04-18 00:00:00","2024-09-06 15:18:56","Naturvård","","Webbpublicering",""
"5197474","HB01MJU13","2023/24","MJU13","bet","bet","bet","","MJU","","13","2024-04-16 00:00:00","2024-09-06 15:18:57","Övergripande miljöfrågor","","Webbpublicering",""
"5196779","HB01MJU14","2023/24","MJU14","bet","bet","bet","","MJU","","14","2024-04-25 00:00:00","2024-09-18 16:43:27","Jakt och viltvård","","Webbpublicering",""
"5197066","HB01MJU15","2023/24","MJU15","bet","bet","bet","","MJU","","15","2024-05-06 00:00:00","2026-04-20 15:19:23","Regeringens klimathandlingsplan – hela vägen till nettonoll","","Webbpublicering",""
"5196783","HB01MJU16","2023/24","MJU16","bet","bet","bet","","MJU","","16","2024-05-23 00:00:00","2024-10-25 16:35:11","Jordbrukspolitik","","Webbpublicering",""
"5196955","HB01MJU17","2023/24","MJU17","bet","bet","bet","","MJU","","17","2024-05-24 00:00:00","2024-10-25 16:35:12","Cirkulär och giftfri ekonomi och Riksrevisionens rapport om hantering av uttjänta solcellspaneler och vindturbinblad","","Webbpublicering",""
"5200016","HB01MJU18","2023/24","MJU18","bet","bet","bet","","MJU","","18","2024-06-18 00:00:00","2024-11-08 15:33:44","Nationell strategi och regeringens handlingsplan för klimatanpassning","","Webbpublicering",""
"5184113","HB01MJU2","2023/24","MJU2","bet","bet","bet","","MJU","","2","2023-12-07 00:00:00","2024-02-14 19:54:26","Utgiftsområde 23 Areella näringar, landsbygd och livsmedel","","Webbpublicering",""
"5182602","HB01MJU3","2023/24","MJU3","bet","bet","bet","","MJU","","3","2023-10-03 00:00:00","2023-10-25 17:03:56","Effektivare luftkvalitetsarbete","","Webbpublicering",""
"5184287","HB01MJU4","2023/24","MJU4","bet","bet","bet","","MJU","","4","2023-11-07 00:00:00","2026-05-26 09:39:44","Nya verksamheter i utsläppshandelssystemet","","Webbpublicering",""
"5188314","HB01MJU5","2023/24","MJU5","bet","bet","bet","","MJU","","5","2023-11-23 00:00:00","2024-01-17 16:24:32","Sänkning av reduktionsplikten för bensin och diesel","","Webbpublicering",""
"5189622","HB01MJU6","2023/24","MJU6","bet","bet","bet","","MJU","","6","2024-01-25 00:00:00","2024-04-25 18:52:38","Genomförande av EU:s nya dricksvattendirektiv","","Webbpublicering",""
"5190493","HB01MJU7","2023/24","MJU7","bet","bet","bet","","MJU","","7","2024-02-09 00:00:00","2024-05-27 17:34:54","Skogspolitik","","Webbpublicering",""
"5196954","HB01MJU8","2023/24","MJU8","bet","bet","bet","","MJU","","8","2024-03-07 00:00:00","2024-07-05 14:44:14","Riksrevisionens rapport om reduktionsplikten för bensin och diesel","","Webbpublicering",""
"5196952","HB01MJU9","2023/24","MJU9","bet","bet","bet","","MJU","","9","2024-02-28 00:00:00","2024-11-22 11:20:45","Livsmedelspolitik","","Webbpublicering",""
"5182625","HB01NU1","2023/24","NU1","bet","bet","bet","","NU","","1","2023-12-13 00:00:00","2024-02-23 16:18:12","Utgiftsområde 24 Näringsliv","","Webbpublicering",""
"5196929","HB01NU10","2023/24","NU10","bet","bet","bet","","NU","","10","2024-04-04 00:00:00","2024-08-29 16:10:10","Regelförenkling för företag","","Webbpublicering",""
"5196931","HB01NU11","2023/24","NU11","bet","bet","bet","","NU","","11","2024-04-04 00:00:00","2024-08-29 16:10:11","Näringspolitik","","Webbpublicering",""
"5196932","HB01NU12","2023/24","NU12","bet","bet","bet","","NU","","12","2024-05-02 00:00:00","2026-04-20 15:24:30","Regional utveckling","","Webbpublicering",""
"5196927","HB01NU13","2023/24","NU13","bet","bet","bet","","NU","","13","2024-03-25 00:00:00","2024-08-28 11:37:14","Handelspolitik","","Webbpublicering",""
"5196933","HB01NU14","2023/24","NU14","bet","bet","bet","","NU","","14","2024-05-20 00:00:00","2024-10-18 14:32:44","Energipolitikens långsiktiga inriktning","","Webbpublicering",""
"5196934","HB01NU15","2023/24","NU15","bet","bet","bet","","NU","","15","2024-05-16 00:00:00","2024-10-18 14:32:51","En tydligare process för tillståndsprövning av elnät","","Webbpublicering",""
"5196935","HB01NU16","2023/24","NU16","bet","utl","bet","","NU","","16","2024-03-14 00:00:00","2024-06-25 11:28:49","Subsidiaritetsprövning av kommissionens förslag till förordning om att underlätta gränsöverskridande lösningar","","Webbpublicering",""
"5196936","HB01NU17","2023/24","NU17","bet","bet","bet","","NU","","17","2024-05-16 00:00:00","2026-04-20 15:17:23","Natura 2000-tillstånd i samband med ansökan om bearbetningskoncession enligt minerallagen","","Webbpublicering",""
"5196938","HB01NU18","2023/24","NU18","bet","bet","bet","","NU","","18","2024-05-30 00:00:00","2024-06-12 20:25:55","Riksrevisionens rapport om styrningen av Business Sweden","","Webbpublicering",""
"5196940","HB01NU19","2023/24","NU19","bet","bet","bet","","NU","","19","2024-05-30 00:00:00","2024-11-06 15:54:56","Strategi för företag i kulturella och kreativa branscher","","Webbpublicering",""
"5182627","HB01NU2","2023/24","NU2","bet","bet","bet","","NU","","2","2023-12-08 00:00:00","2024-02-14 19:54:24","Utgiftsområde 19 Regional utveckling","","Webbpublicering",""
"5198033","HB01NU20","2023/24","NU20","bet","utl","bet","","NU","","20","2024-05-16 00:00:00","2024-06-25 11:30:45","Kommissionens vitbok om utgående investeringar","","Webbpublicering",""
"5203692","HB01NU21","2023/24","NU21","bet","bet","bet","","NU","","21","2024-04-02 00:00:00","2024-04-09 13:34:12","En inre marknad för digitala tjänster – kompletteringar och ändringar i svensk rätt","","planerat",""
"5182629","HB01NU3","2023/24","NU3","bet","bet","bet","","NU","","3","2023-12-08 00:00:00","2024-02-14 19:51:58","Utgiftsområde 21 Energi","","Webbpublicering",""
"5182631","HB01NU4","2023/24","NU4","bet","bet","bet","","NU","","4","2024-02-01 00:00:00","2026-04-20 15:30:54","2023 års redogörelse för företag med statligt ägande","","Webbpublicering",""
"5182569","HB01NU5","2023/24","NU5","bet","bet","bet","","NU","","5","2023-11-23 00:00:00","2024-04-16 10:40:16","Ny kärnkraft i Sverige","","Webbpublicering",""
"5182632","HB01NU6","2023/24","NU6","bet","bet","bet","","NU","","6","2024-01-25 00:00:00","2026-04-20 15:30:55","Riksrevisionens rapport om etablering av myndigheter utanför Stockholm","","Webbpublicering",""
"5190233","HB01NU7","2023/24","NU7","bet","bet","bet","","NU","","7","2024-02-06 00:00:00","2024-05-27 17:34:51","Immaterialrättsfrågor","","Webbpublicering",""
"5192693","HB01NU8","2023/24","NU8","bet","bet","bet","","NU","","8","2024-02-08 00:00:00","2024-05-27 17:34:52","Mineralpolitik","","Webbpublicering",""
"5196928","HB01NU9","2023/24","NU9","bet","bet","bet","","NU","","9","2024-03-26 00:00:00","2024-08-23 14:34:10","Elmarknadsfrågor","","Webbpublicering",""
"5185137","HB01SfU1","2023/24","SfU1","bet","bet","bet","","SfU","","1","2023-12-07 00:00:00","2024-02-14 19:51:45","Utgiftsområde 10 Ekonomisk trygghet vid sjukdom och funktionsnedsättning","","Webbpublicering",""
"5189390","HB01SfU10","2023/24","SfU10","bet","bet","bet","","SfU","","10","2024-02-15 00:00:00","2026-04-20 15:28:41","Socialavgifter","","Webbpublicering",""
"5189391","HB01SfU11","2023/24","SfU11","bet","bet","bet","","SfU","","11","2024-02-21 00:00:00","2024-06-03 15:23:06","Arbetskraftsinvandring","","Webbpublicering",""
"5194137","HB01SfU12","2023/24","SfU12","bet","bet","bet","","SfU","","12","2024-04-12 00:00:00","2024-08-29 16:22:31","Ekonomisk familjepolitik","","Webbpublicering",""
"5194685","HB01SfU13","2023/24","SfU13","bet","bet","bet","","SfU","","13","2024-05-13 00:00:00","2024-09-27 12:23:21","Socialförsäkringsfrågor","","Webbpublicering",""
"5194693","HB01SfU14","2023/24","SfU14","bet","bet","bet","","SfU","","14","2024-05-10 00:00:00","2024-09-27 12:23:30","Migrationsfrågor","","Webbpublicering",""
"5196620","HB01SfU15","2023/24","SfU15","bet","bet","bet","","SfU","","15","2024-05-22 00:00:00","2026-04-20 15:17:18","Ändringar i medborgarskapslagen","","Webbpublicering",""
"5196619","HB01SfU16","2023/24","SfU16","bet","bet","bet","","SfU","","16","2024-05-22 00:00:00","2026-04-20 15:17:19","Ersättning för höga sjuklönekostnader upphör","","Webbpublicering",""
"5196622","HB01SfU17","2023/24","SfU17","bet","bet","bet","","SfU","","17","2024-05-23 00:00:00","2024-10-25 16:32:08","Riksrevisionens rapport om systemet för återkallelser av uppehållstillstånd","","Webbpublicering",""
"5196623","HB01SfU18","2023/24","SfU18","bet","bet","bet","","SfU","","18","2024-05-23 00:00:00","2024-05-29 18:06:59","Anmälan av föreskrifter om att ytterligare kategorier av fördrivna personer ska ges tillfälligt skydd","","Webbpublicering",""
"5196626","HB01SfU19","2023/24","SfU19","bet","bet","bet","","SfU","","19","2024-03-15 00:00:00","2024-04-25 11:59:30","Anmälan av föreskrifter om att ytterligare kategorier av fördrivna personer ska ges tillfälligt skydd","","planerat",""
"5185138","HB01SfU2","2023/24","SfU2","bet","bet","bet","","SfU","","2","2023-12-04 00:00:00","2024-01-26 14:58:15","Utgiftsområde 11 Ekonomisk trygghet vid ålderdom","","Webbpublicering",""
"5185139","HB01SfU3","2023/24","SfU3","bet","bet","bet","","SfU","","3","2023-12-07 00:00:00","2024-02-14 19:51:45","Utgiftsområde 12 Ekonomisk trygghet för familjer och barn","","Webbpublicering",""
"5185140","HB01SfU4","2023/24","SfU4","bet","bet","bet","","SfU","","4","2023-12-04 00:00:00","2024-01-26 14:58:17","Utgiftsområde 8 Migration","","Webbpublicering",""
"5183714","HB01SfU5","2023/24","SfU5","bet","bet","bet","","SfU","","5","2023-10-30 00:00:00","2023-12-01 15:36:46","Vissa skärpta villkor för anhöriginvandring och begränsade möjligheter till uppehållstillstånd av humanitära skäl","","Webbpublicering",""
"5183715","HB01SfU6","2023/24","SfU6","bet","bet","bet","","SfU","","6","2023-11-16 00:00:00","2023-12-15 19:44:34","Effektivare verktyg vid inre utlänningskontroll","","Webbpublicering",""
"5189123","HB01SfU7","2023/24","SfU7","bet","bet","bet","","SfU","","7","2024-01-18 00:00:00","2026-04-20 15:32:26","En ny dataskyddsreglering på socialförsäkringsområdet","","Webbpublicering",""
"5192375","HB01SfU8","2023/24","SfU8","bet","bet","bet","","SfU","","8","2024-01-25 00:00:00","2024-04-25 18:52:38","Vissa ändringar i regelverket om säkerhetsärenden enligt utlänningslagen","","Webbpublicering",""
"5189389","HB01SfU9","2023/24","SfU9","bet","bet","bet","","SfU","","9","2024-02-15 00:00:00","2026-04-20 15:28:40","Pensioner","","Webbpublicering",""
"5188644","HB01SkU1","2023/24","SkU1","bet","bet","bet","","SkU","","1","2023-11-30 00:00:00","2026-04-20 15:34:08","Utgiftsområde 3 Skatt, tull och exekution","","Webbpublicering",""
"5191778","HB01SkU10","2023/24","SkU10","bet","utl","bet","","SkU","","10","2023-12-14 00:00:00","2024-02-26 17:37:58","Subsidiaritetsprövning av kommissionens förslag till direktiv om inrättande av ett huvudkontorsbaserat skattesystem för mikroföretag samt små och medelstora företag och om ändring av direktiv 2011/16/EU","","Webbpublicering",""
"5196870","HB01SkU11","2023/24","SkU11","bet","bet","bet","","SkU","","11","2024-05-23 00:00:00","2024-10-25 16:34:59","Inkomstskatt","","Webbpublicering",""
"5196872","HB01SkU12","2023/24","SkU12","bet","bet","bet","","SkU","","12","2024-03-21 00:00:00","2024-08-23 14:34:02","Företag, kapital och fastighet","","Webbpublicering",""
"5196874","HB01SkU13","2023/24","SkU13","bet","bet","bet","","SkU","","13","2024-04-09 00:00:00","2024-08-29 16:22:30","Punktskatt och tull","","Webbpublicering",""
"5196875","HB01SkU14","2023/24","SkU14","bet","bet","bet","","SkU","","14","2024-04-04 00:00:00","2024-12-03 10:40:06","Mervärdesskatt","","Webbpublicering",""
"5196885","HB01SkU15","2023/24","SkU15","bet","bet","bet","","SkU","","15","2024-03-27 00:00:00","2024-08-23 14:36:26","Skatteförfarande och folkbokföring","","Webbpublicering",""
"5196306","HB01SkU16","2023/24","SkU16","bet","utl","bet","","SkU","","16","2024-01-18 00:00:00","2026-04-20 15:32:26","Subsidiaritetsprövning av kommissionens förslag till direktiv om internprissättning","","Webbpublicering",""
"5196511","HB01SkU17","2023/24","SkU17","bet","utl","bet","","SkU","","17","2024-01-25 00:00:00","2024-04-25 18:52:40","Subsidiaritetsprövning av kommissionens förslag till direktiv om ett gemensamt ramverk för företagsbeskattning i Europa","","Webbpublicering",""
"5200577","HB01SkU18","2023/24","SkU18","bet","bet","bet","","SkU","","18","2024-03-21 00:00:00","2024-08-23 14:34:04","Riksrevisionens rapport om förändrade inkomstskatteregler 2011–2023","","Webbpublicering",""
"5200579","HB01SkU19","2023/24","SkU19","bet","bet","bet","","SkU","","19","2024-04-16 00:00:00","2026-04-20 15:25:55","Höjd spelskatt","","Webbpublicering",""
"5182642","HB01SkU2","2023/24","SkU2","bet","bet","bet","","SkU","","2","2023-10-19 00:00:00","2023-11-16 16:49:38","Nya krav på betaltjänstleverantörer att lämna uppgifter","","Webbpublicering",""
"5200586","HB01SkU20","2023/24","SkU20","bet","bet","bet","","SkU","","20","2024-05-07 00:00:00","2024-05-17 00:32:48","Ändrade vägavgifter inom eurovinjettsamarbetet","","Webbpublicering",""
"5202109","HB01SkU21","2023/24","SkU21","bet","bet","bet","","SkU","","21","2024-05-16 00:00:00","2024-05-29 18:06:59","Anpassning av investeraravdraget med anledning av ändrade EU-regler om statligt stöd","","Webbpublicering",""
"5202110","HB01SkU22","2023/24","SkU22","bet","bet","bet","","SkU","","22","2024-05-16 00:00:00","2024-05-29 18:06:59","Kompletterande bestämmelser till EU:s förordning om inrättande av en mekanism för koldioxidjustering vid gränsen","","Webbpublicering",""
"5203998","HB01SkU23","2023/24","SkU23","bet","bet","bet","","SkU","","23","2024-05-22 00:00:00","2024-10-25 16:32:04","Vissa förslag om kompensation m.m. till personer födda 1957 och 1959 på grund av höjd åldersgräns för förhöjt grundavdrag","","Webbpublicering",""
"5203997","HB01SkU24","2023/24","SkU24","bet","bet","bet","","SkU","","24","2024-05-21 00:00:00","2024-10-25 16:32:05","Tillfälligt höjt tak för rotavdraget","","Webbpublicering",""
"5206282","HB01SkU25","2023/24","SkU25","bet","bet","bet","","SkU","","25","2024-04-22 00:00:00","2024-05-23 09:27:41","Ny tullbefogenhetslag","","planerat",""
"5207637","HB01SkU26","2023/24","SkU26","bet","bet","bet","","SkU","","26","2024-06-11 00:00:00","2024-11-06 16:16:09","Undantag från mervärdesskatt för väpnade styrkor inom Nato","","Webbpublicering",""
"5206283","HB01SkU27","2023/24","SkU27","bet","bet","bet","","SkU","","27","2024-06-11 00:00:00","2024-06-19 01:10:45","Justerad skatt på tobak och nikotin","","Webbpublicering",""
"5206284","HB01SkU28","2023/24","SkU28","bet","bet","bet","","SkU","","28","2024-06-03 00:00:00","2024-11-06 15:57:37","Riksrevisionens rapport Svart på vitt – rotavdragets kostnader och effekter","","Webbpublicering",""
"5206285","HB01SkU29","2023/24","SkU29","bet","bet","bet","","SkU","","29","2024-06-12 00:00:00","2024-11-06 16:16:08","Redovisning av skatteutgifter 2024","","Webbpublicering",""
"5182643","HB01SkU3","2023/24","SkU3","bet","bet","bet","","SkU","","3","2023-10-17 00:00:00","2023-11-16 16:49:40","Ändring i skatteavtalet mellan Sverige och Tyskland","","Webbpublicering",""
"5188645","HB01SkU4","2023/24","SkU4","bet","bet","bet","","SkU","","4","2023-11-10 00:00:00","2025-11-21 09:57:09","Ändring i skatteavtalet mellan Sverige och Frankrike","","Webbpublicering",""
"5188646","HB01SkU5","2023/24","SkU5","bet","bet","bet","","SkU","","5","2023-11-16 00:00:00","2025-08-11 15:20:28","Vissa skattefrågor med anledning av nya aktiebolagsrättsliga regler om bolags rörlighet över gränserna inom EU","","Webbpublicering",""
"5189386","HB01SkU6","2023/24","SkU6","bet","bet","bet","","SkU","","6","2023-12-07 00:00:00","2024-02-14 19:51:43","Tilläggsskatt för företag i stora koncerner","","Webbpublicering",""
"5188647","HB01SkU7","2023/24","SkU7","bet","bet","bet","","SkU","","7","2023-11-23 00:00:00","2024-01-17 16:24:29","Sänkt skatt på bensin och diesel och sänkt skatt på jordbruksdiesel","","Webbpublicering",""
"5188625","HB01SkU8","2023/24","SkU8","bet","bet","bet","","SkU","","8","2023-11-23 00:00:00","2024-01-17 16:24:21","Pausad uppräkning av skiktgränsen för statlig inkomstskatt för beskattningsåret 2024","","Webbpublicering",""
"5188343","HB01SkU9","2023/24","SkU9","bet","utl","bet","","SkU","","9","2023-10-19 00:00:00","2023-11-16 16:49:37","Subsidiaritetsprövning av kommissionens förslag till förordning om fastställande av unionens tullkodex och inrättande av Europeiska unionens tullbyrå","","Webbpublicering",""
"5183978","HB01SoU1","2023/24","SoU1","bet","bet","bet","","SoU","","1","2023-12-06 00:00:00","2024-02-14 19:48:38","Utgiftsområde 9 Hälsovård, sjukvård och social omsorg","","Webbpublicering",""
"5183984","HB01SoU10","2023/24","SoU10","bet","bet","bet","","SoU","","10","2024-01-29 00:00:00","2024-02-01 00:40:46","En skyldighet att lämna uppgifter till Adoptionskommissionen","","Webbpublicering",""
"5189554","HB01SoU11","2023/24","SoU11","bet","bet","bet","","SoU","","11","2024-03-13 00:00:00","2024-08-23 14:26:39","Alkohol, narkotika, dopning, tobak och spel","","Webbpublicering",""
"5189555","HB01SoU12","2023/24","SoU12","bet","bet","bet","","SoU","","12","2024-01-26 00:00:00","2024-04-25 18:52:43","Läkemedel och tandvård","","Webbpublicering",""
"5189556","HB01SoU13","2023/24","SoU13","bet","bet","bet","","SoU","","13","2024-06-05 00:00:00","2024-11-06 15:54:57","Stöd till personer med funktionsnedsättning","","Webbpublicering",""
"5189557","HB01SoU14","2023/24","SoU14","bet","bet","bet","","SoU","","14","2024-06-03 00:00:00","2024-11-06 16:13:54","Hälso- och sjukvårdens organisation","","Webbpublicering",""
"5189558","HB01SoU15","2023/24","SoU15","bet","bet","bet","","SoU","","15","2024-03-13 00:00:00","2024-08-23 14:26:39","Folkhälsa","","Webbpublicering",""
"5189559","HB01SoU16","2023/24","SoU16","bet","bet","bet","","SoU","","16","2024-06-05 00:00:00","2024-11-06 16:13:55","Prioriteringar inom hälso- och sjukvården","","Webbpublicering",""
"5189560","HB01SoU17","2023/24","SoU17","bet","bet","bet","","SoU","","17","2024-06-04 00:00:00","2024-11-06 16:13:56","Socialtjänstens arbete","","Webbpublicering",""
"5189561","HB01SoU18","2023/24","SoU18","bet","bet","bet","","SoU","","18","2024-03-21 00:00:00","2024-08-23 14:34:00","Barn och unga inom socialtjänsten","","Webbpublicering",""
"5189563","HB01SoU19","2023/24","SoU19","bet","bet","bet","","SoU","","19","2024-06-03 00:00:00","2024-11-06 15:55:00","Socialtjänstens ansvar för våldsutsatta m.m.","","Webbpublicering",""
"5180101","HB01SoU2","2023/24","SoU2","bet","bet","bet","","SoU","","2","2023-10-30 00:00:00","2023-12-01 15:36:52","Ledarhundar","","Webbpublicering",""
"5189564","HB01SoU20","2023/24","SoU20","bet","bet","bet","","SoU","","20","2024-04-05 00:00:00","2026-04-20 15:27:27","Äldreomsorg","","Webbpublicering",""
"5189565","HB01SoU21","2023/24","SoU21","bet","bet","bet","","SoU","","21","2024-05-07 00:00:00","2024-09-27 12:21:19","Kompetensförsörjning, e-hälsa och beredskap","","Webbpublicering",""
"5198619","HB01SoU22","2023/24","SoU22","bet","bet","bet","","SoU","","22","2024-04-04 00:00:00","2024-09-23 09:20:58","Förbättrade möjligheter att ändra kön","","Webbpublicering",""
"5196908","HB01SoU23","2023/24","SoU23","bet","bet","bet","","SoU","","23","2024-04-11 00:00:00","2024-04-24 21:09:46","Ytterligare anpassningar till EU:s förordningar om medicinteknik","","Webbpublicering",""
"5197481","HB01SoU24","2023/24","SoU24","bet","bet","bet","","SoU","","24","2024-04-25 00:00:00","2024-09-18 16:43:16","Ett utvidgat utreseförbud för barn","","Webbpublicering",""
"5197478","HB01SoU25","2023/24","SoU25","bet","bet","bet","","SoU","","25","2024-04-25 00:00:00","2024-09-18 16:43:16","Begränsningar och kontroll i fråga om elektroniska kommunikationstjänster och besök på särskilda ungdomshem","","Webbpublicering",""
"5199818","HB01SoU26","2023/24","SoU26","bet","bet","bet","","SoU","","26","2024-03-12 00:00:00","2024-07-05 14:44:05","Det schabloniserade föräldraavdraget","","Webbpublicering",""
"5181200","HB01SoU3","2023/24","SoU3","bet","bet","bet","","SoU","","3","2023-11-23 00:00:00","2024-01-17 16:19:55","Välfärdsteknik inom äldreomsorgen","","Webbpublicering",""
"5181861","HB01SoU4","2023/24","SoU4","bet","bet","bet","","SoU","","4","2023-11-20 00:00:00","2023-11-30 02:30:58","Redovisning av fördelning av medel från Allmänna arvsfonden under budgetåret 2022","","Webbpublicering",""
"5183111","HB01SoU5","2023/24","SoU5","bet","bet","bet","","SoU","","5","2023-11-27 00:00:00","2024-01-17 16:28:45","Riksrevisionens rapport om lex Maria och lex Sarah","","Webbpublicering",""
"5183980","HB01SoU6","2023/24","SoU6","bet","bet","bet","","SoU","","6","2024-02-08 00:00:00","2024-05-27 17:31:22","Stärkta rättigheter för barn och vuxna i skyddat boende","","Webbpublicering",""
"5183981","HB01SoU7","2023/24","SoU7","bet","bet","bet","","SoU","","7","2024-04-25 00:00:00","2024-09-23 09:09:21","Riksrevisionens rapport om det nationella smittskyddet","","Webbpublicering",""
"5183982","HB01SoU8","2023/24","SoU8","bet","bet","bet","","SoU","","8","2024-04-18 00:00:00","2026-04-20 15:26:00","Riksrevisionens rapport om statens arbete med väntetider i vården","","Webbpublicering",""
"5183983","HB01SoU9","2023/24","SoU9","bet","bet","bet","","SoU","","9","2024-03-19 00:00:00","2024-08-23 14:33:59","Genomförande av nya krav på upphettade tobaksvaror","","Webbpublicering",""
"5183168","HB01TU1","2023/24","TU1","bet","bet","bet","","TU","","1","2023-12-07 00:00:00","2024-02-14 19:51:48","Utgiftsområde 22 Kommunikationer","","Webbpublicering",""
"5198288","HB01TU10","2023/24","TU10","bet","bet","bet","","TU","","10","2024-03-12 00:00:00","2024-03-21 02:03:51","En telesamverkansgrupp för fredstida kriser och höjd beredskap","","Webbpublicering",""
"5198292","HB01TU11","2023/24","TU11","bet","bet","bet","","TU","","11","2024-03-13 00:00:00","2024-03-21 02:03:51","Genomförande av ändrade EU-regler om avgifter på väg","","Webbpublicering",""
"5198290","HB01TU12","2023/24","TU12","bet","bet","bet","","TU","","12","2024-04-03 00:00:00","2024-08-29 16:10:13","Cykelfrågor","","Webbpublicering",""
"5198291","HB01TU13","2023/24","TU13","bet","bet","bet","","TU","","13","2024-04-05 00:00:00","2024-08-29 16:10:19","Vägtrafik- och fordonsfrågor","","Webbpublicering",""
"5198293","HB01TU14","2023/24","TU14","bet","bet","bet","","TU","","14","2024-05-17 00:00:00","2024-10-18 14:32:53","Luftfartsfrågor","","Webbpublicering",""
"5198294","HB01TU15","2023/24","TU15","bet","bet","bet","","TU","","15","2024-05-14 00:00:00","2024-05-22 21:44:05","Rätt till uppgifter om en EETS-betalningsförmedlares kunder och deras fordon","","Webbpublicering",""
"5198296","HB01TU16","2023/24","TU16","bet","bet","bet","","TU","","16","2024-06-04 00:00:00","2024-11-06 15:49:20","Digitaliserings- och postfrågor","","Webbpublicering",""
"5198297","HB01TU17","2023/24","TU17","bet","bet","bet","","TU","","17","2024-06-04 00:00:00","2024-11-06 15:49:21","Sjöfartsfrågor","","Webbpublicering",""
"5198298","HB01TU18","2023/24","TU18","bet","bet","bet","","TU","","18","2024-06-11 00:00:00","2024-11-06 16:16:11","Infrastrukturfrågor","","Webbpublicering",""
"5209352","HB01TU19","2023/24","TU19","bet","bet","bet","","TU","","19","2024-05-31 00:00:00","2024-11-06 15:49:22","Flygplatshavarnas kostnader för säkerhetskontroller","","Webbpublicering",""
"5183156","HB01TU2","2023/24","TU2","bet","bet","bet","","TU","","2","2023-10-18 00:00:00","2023-10-25 17:03:57","En gemensam laddningsstandard för viss radioutrustning","","Webbpublicering",""
"5206496","HB01TU20","2023/24","TU20","bet","utl","bet","","TU","","20","2024-06-11 00:00:00","2024-11-06 16:16:12","Europas behov av digital infrastruktur","","Webbpublicering",""
"5204196","HB01TU21","2023/24","TU21","bet","utl","bet","","TU","","21","2024-04-18 00:00:00","2024-04-26 00:42:57","Subsidiaritetsprövning av kommissionens förslag till ändring av direktivet om harmoniserade flodinformationstjänster på inre vattenvägar","","Webbpublicering",""
"5183729","HB01TU3","2023/24","TU3","bet","bet","bet","","TU","","3","2023-11-09 00:00:00","2023-11-22 17:28:23","Auktorisationssystem i fråga om tjänster för elektronisk identifiering och digital post","","Webbpublicering",""
"5183731","HB01TU4","2023/24","TU4","bet","bet","bet","","TU","","4","2023-11-09 00:00:00","2023-11-22 17:28:23","Ändrade regler om direkttilldelning av avtal om kollektivtrafik på järnväg","","Webbpublicering",""
"5183733","HB01TU5","2023/24","TU5","bet","bet","bet","","TU","","5","2024-01-23 00:00:00","2024-04-25 18:52:46","Kollektivtrafikfrågor","","Webbpublicering",""
"5189387","HB01TU6","2023/24","TU6","bet","bet","bet","","TU","","6","2024-01-26 00:00:00","2024-04-25 18:52:51","Järnvägsfrågor","","Webbpublicering",""
"5189388","HB01TU7","2023/24","TU7","bet","bet","bet","","TU","","7","2024-02-20 00:00:00","2024-06-03 15:23:14","Trafiksäkerhet","","Webbpublicering",""
"5196017","HB01TU8","2023/24","TU8","bet","bet","bet","","TU","","8","2024-02-13 00:00:00","2024-03-06 23:42:10","Behöriga myndigheter enligt EU:s förordning om en gemensam digital ingång","","Webbpublicering",""
"5198287","HB01TU9","2023/24","TU9","bet","bet","bet","","TU","","9","2024-03-13 00:00:00","2024-07-05 14:49:51","Yrkestrafik och taxi","","Webbpublicering",""
"5184299","HB01UbU1","2023/24","UbU1","bet","bet","bet","","UbU","","1","2023-12-08 00:00:00","2024-02-23 16:12:10","Utgiftsområde 16 Utbildning och universitetsforskning","","Webbpublicering",""
"5190131","HB01UbU10","2023/24","UbU10","bet","bet","bet","","UbU","","10","2024-04-24 00:00:00","2024-09-27 12:21:09","Grundläggande om utbildning","","Webbpublicering",""
"5190132","HB01UbU11","2023/24","UbU11","bet","bet","bet","","UbU","","11","2024-04-24 00:00:00","2024-09-27 12:23:20","Lärare och elever","","Webbpublicering",""
"5190134","HB01UbU12","2023/24","UbU12","bet","bet","bet","","UbU","","12","2024-02-07 00:00:00","2026-04-20 15:28:39","Gymnasieskolan","","Webbpublicering",""
"5190136","HB01UbU13","2023/24","UbU13","bet","bet","bet","","UbU","","13","2024-05-03 00:00:00","2024-10-18 14:32:53","Vuxenutbildning","","Webbpublicering",""
"5190138","HB01UbU14","2023/24","UbU14","bet","bet","bet","","UbU","","14","2024-04-12 00:00:00","2024-09-06 15:13:21","Högskolan","","Webbpublicering",""
"5190139","HB01UbU15","2023/24","UbU15","bet","bet","bet","","UbU","","15","2024-02-15 00:00:00","2024-06-24 17:46:55","Forskning","","Webbpublicering",""
"5200639","HB01UbU16","2023/24","UbU16","bet","bet","bet","","UbU","","16","2024-05-20 00:00:00","2026-04-20 15:19:19","Att lättare få läsa i snabbare takt och på en högre nivå","","Webbpublicering",""
"5201075","HB01UbU17","2023/24","UbU17","bet","bet","bet","","UbU","","17","2024-05-31 00:00:00","2024-06-13 21:36:23","Riksrevisionens rapport om informationssäkerhet vid universitet och högskolor","","Webbpublicering",""
"5201076","HB01UbU18","2023/24","UbU18","bet","bet","bet","","UbU","","18","2024-05-31 00:00:00","2024-06-13 21:36:23","Stiftelsen Riksbankens Jubileumsfonds verksamhet och årsredovisning 2023","","Webbpublicering",""
"5184300","HB01UbU2","2023/24","UbU2","bet","bet","bet","","UbU","","2","2023-12-06 00:00:00","2024-02-14 19:54:16","Utgiftsområde 15 Studiestöd","","Webbpublicering",""
"5181920","HB01UbU3","2023/24","UbU3","bet","bet","bet","","UbU","","3","2023-11-08 00:00:00","2025-11-21 10:01:52","Utökad rätt för elever i gymnasieskolan och anpassade gymnasieskolan att läsa nationella minoritetsspråk","","Webbpublicering",""
"5183748","HB01UbU4","2023/24","UbU4","bet","bet","bet","","UbU","","4","2023-11-08 00:00:00","2025-11-21 10:01:52","Fortsatt giltighet av lagen om vissa register för forskning om vad arv och miljö betyder för människors hälsa","","Webbpublicering",""
"5185788","HB01UbU5","2023/24","UbU5","bet","bet","bet","","UbU","","5","2023-12-01 00:00:00","2024-02-23 16:18:02","Bättre anpassad undervisningstid i grundskolan, specialskolan och sameskolan","","Webbpublicering",""
"5185790","HB01UbU6","2023/24","UbU6","bet","bet","bet","","UbU","","6","2023-12-11 00:00:00","2024-02-23 16:17:57","Stärkt tillgång till läromedel","","Webbpublicering",""
"5190127","HB01UbU7","2023/24","UbU7","bet","bet","bet","","UbU","","7","2024-01-25 00:00:00","2024-06-24 17:46:53","Studiestöd","","Webbpublicering",""
"5190128","HB01UbU8","2023/24","UbU8","bet","bet","bet","","UbU","","8","2024-02-08 00:00:00","2026-04-20 15:28:38","Förskolan","","Webbpublicering",""
"5190129","HB01UbU9","2023/24","UbU9","bet","bet","bet","","UbU","","9","2024-04-10 00:00:00","2024-09-18 16:34:02","Övergripande skolfrågor","","Webbpublicering",""
"5206361","HB01UFöU1","2023/24","UFöU1","bet","bet","bet","","UFöU","","1","2024-06-13 00:00:00","2026-04-20 15:15:45","Avtal om försvarssamarbete med Amerikas förenta stater","","Webbpublicering",""
"5188573","HB01UU1","2023/24","UU1","bet","bet","bet","","UU","","1","2023-12-01 00:00:00","2026-04-20 15:33:58","Utgiftsområde 5 Internationell samverkan","","Webbpublicering",""
"5197278","HB01UU10","2023/24","UU10","bet","bet","bet","","UU","","10","2024-05-13 00:00:00","2024-09-27 12:21:05","Verksamheten i Europeiska unionen under 2023","","Webbpublicering",""
"5197250","HB01UU11","2023/24","UU11","bet","bet","bet","","UU","","11","2024-05-24 00:00:00","2024-10-25 16:34:58","Vissa säkerhetspolitiska frågor","","Webbpublicering",""
"5197279","HB01UU12","2023/24","UU12","bet","bet","bet","","UU","","12","2024-05-17 00:00:00","2025-08-12 11:46:52","Organisationen för säkerhet och samarbete i Europa (OSSE)","","Webbpublicering",""
"5197256","HB01UU13","2023/24","UU13","bet","bet","bet","","UU","","13","2024-05-24 00:00:00","2025-08-12 11:47:56","Europarådet","","Webbpublicering",""
"5197261","HB01UU14","2023/24","UU14","bet","bet","bet","","UU","","14","2024-04-26 00:00:00","2026-04-20 15:24:27","Mänskliga rättigheter","","Webbpublicering",""
"5196906","HB01UU15","2023/24","UU15","bet","bet","bet","","UU","","15","2024-03-26 00:00:00","2024-08-23 14:26:29","Mellanöstern och Nordafrika","","Webbpublicering",""
"5197264","HB01UU16","2023/24","UU16","bet","bet","bet","","UU","","16","2024-04-26 00:00:00","2025-08-12 11:48:32","Interparlamentariska unionen","","Webbpublicering",""
"5197237","HB01UU17","2023/24","UU17","bet","bet","bet","","UU","","17","2024-05-17 00:00:00","2025-08-12 11:49:14","Partnerskapsavtal mellan Europeiska unionen och dess medlemsstater och medlemmarna i Organisationen för stater i Afrika, Karibien och Stillahavsområdet","","Webbpublicering",""
"5188577","HB01UU2","2023/24","UU2","bet","bet","bet","","UU","","2","2023-12-11 00:00:00","2024-02-23 16:12:07","Utgiftsområde 7 Internationellt bistånd","","Webbpublicering",""
"5197231","HB01UU3","2023/24","UU3","bet","utl","bet","","UU","","3","2024-04-19 00:00:00","2026-04-20 15:25:41","Vitbok om exportkontroll av produkter med dubbla användningsområden","","Webbpublicering",""
"5197227","HB01UU4","2023/24","UU4","bet","bet","bet","","UU","","4","2024-05-17 00:00:00","2025-08-12 11:44:46","Nordiskt samarbete inklusive Arktis","","Webbpublicering",""
"5189758","HB01UU5","2023/24","UU5","bet","utl","bet","","UU","","5","2023-12-01 00:00:00","2026-04-20 15:33:57","Kommissionens arbetsprogram 2024","","Webbpublicering",""
"5192827","HB01UU6","2023/24","UU6","bet","bet","bet","","UU","","6","2024-02-16 00:00:00","2024-07-05 14:44:05","Det svenska ordförandeskapet i Europeiska unionens råd första halvåret 2023","","Webbpublicering",""
"5197275","HB01UU7","2023/24","UU7","bet","bet","bet","","UU","","7","2024-06-03 00:00:00","2024-11-06 15:57:40","Internationella relationer m.m.","","Webbpublicering",""
"5197277","HB01UU8","2023/24","UU8","bet","bet","bet","","UU","","8","2024-04-22 00:00:00","2026-04-20 15:25:42","Internationellt bistånd","","Webbpublicering",""
"5197242","HB01UU9","2023/24","UU9","bet","bet","bet","","UU","","9","2024-05-31 00:00:00","2025-08-12 11:46:07","Strategisk exportkontroll 2023 – krigsmateriel och produkter med dubbla användningsområden","","Webbpublicering",""
"5216586","HC01AU1","2024/25","AU1","bet","bet","bet","","AU","","1","2024-12-10 00:00:00","2025-03-14 15:05:04","Utgiftsområde 13 Integration och jämställdhet","","Webbpublicering",""
"5223895","HC01AU10","2024/25","AU10","bet","bet","bet","","AU","","10","2025-05-08 00:00:00","2025-09-12 14:49:58","Jämställdhet och åtgärder mot diskriminering","","Webbpublicering",""
"5230692","HC01AU11","2024/25","AU11","bet","bet","bet","","AU","","11","2025-06-03 00:00:00","2025-06-10 22:05:07","Förbättrat informationsutbyte mellan Arbetsförmedlingen och kommuner","","Webbpublicering",""
"5216588","HC01AU2","2024/25","AU2","bet","bet","bet","","AU","","2","2024-12-05 00:00:00","2026-04-20 15:08:08","Utgiftsområde 14 Arbetsmarknad och arbetsliv","","Webbpublicering",""
"5216178","HC01AU3","2024/25","AU3","bet","bet","bet","","AU","","3","2024-10-17 00:00:00","2025-01-17 14:53:10","Riksrevisionens rapport om kortutbildade arbetssökandes övergång till reguljär utbildning","","Webbpublicering",""
"5217187","HC01AU4","2024/25","AU4","bet","bet","bet","","AU","","4","2024-12-05 00:00:00","2024-12-18 01:15:41","Ökad kontroll vid utbetalning från den statliga lönegarantin","","Webbpublicering",""
"5223891","HC01AU5","2024/25","AU5","bet","bet","bet","","AU","","5","2025-02-13 00:00:00","2025-04-25 14:28:42","Integration","","Webbpublicering",""
"5223892","HC01AU6","2024/25","AU6","bet","bet","bet","","AU","","6","2025-03-03 00:00:00","2026-04-20 15:04:49","Arbetsmarknadspolitik och arbetslöshetsförsäkringen","","Webbpublicering",""
"5223896","HC01AU7","2024/25","AU7","bet","bet","bet","","AU","","7","2025-05-26 00:00:00","2025-10-24 14:34:11","Arbetsrätt och arbetstid","","Webbpublicering",""
"5223893","HC01AU8","2024/25","AU8","bet","bet","bet","","AU","","8","2025-04-10 00:00:00","2026-04-20 14:57:06","Arbetsmiljö","","Webbpublicering",""
"5223894","HC01AU9","2024/25","AU9","bet","bet","bet","","AU","","9","2025-05-08 00:00:00","2025-09-12 14:49:57","Fördjupad uppföljning av arbetet med att förebygga och bekämpa mäns våld mot kvinnor","","Webbpublicering",""
"5218270","HC01CU1","2024/25","CU1","bet","bet","bet","","CU","","1","2024-12-05 00:00:00","2025-03-06 16:08:53","Utgiftsområde 18 Samhällsplanering, bostadsförsörjning och byggande samt konsumentpolitik","","Webbpublicering",""
"5224868","HC01CU10","2024/25","CU10","bet","bet","bet","","CU","","10","2025-02-07 00:00:00","2025-04-11 15:04:36","Ersättningsrätt samt insolvens- och utsökningsrätt","","Webbpublicering",""
"5224870","HC01CU11","2024/25","CU11","bet","bet","bet","","CU","","11","2025-01-24 00:00:00","2025-03-28 14:07:24","Associationsrätt","","Webbpublicering",""
"5224872","HC01CU12","2024/25","CU12","bet","bet","bet","","CU","","12","2025-04-17 00:00:00","2025-09-05 14:44:31","Konsumenträtt m.m.","","Webbpublicering",""
"5224874","HC01CU13","2024/25","CU13","bet","bet","bet","","CU","","13","2025-04-04 00:00:00","2025-07-04 14:30:08","Bostadspolitik","","Webbpublicering",""
"5228658","HC01CU14","2024/25","CU14","bet","bet","bet","","CU","","14","2025-03-28 00:00:00","2026-04-20 15:01:13","Planering och byggande","","Webbpublicering",""
"5224875","HC01CU15","2024/25","CU15","bet","bet","bet","","CU","","15","2025-04-24 00:00:00","2025-08-27 15:57:22","Hushållningen med mark- och vattenområden","","Webbpublicering",""
"5236142","HC01CU16","2024/25","CU16","bet","bet","bet","","CU","","16","2025-05-08 00:00:00","2025-10-20 09:57:14","Ny strategi för levande och trygga städer","","Webbpublicering",""
"5236143","HC01CU17","2024/25","CU17","bet","bet","bet","","CU","","17","2025-04-10 00:00:00","2025-09-05 14:44:33","En ny regel om ränteskillnadsersättning – minskade hinder mot förtidsbetalning av bostadslån","","Webbpublicering",""
"5236667","HC01CU18","2024/25","CU18","bet","bet","bet","","CU","","18","2025-06-11 00:00:00","2025-06-18 01:45:33","Ett nytt konkursförfarande","","Webbpublicering",""
"5236668","HC01CU19","2024/25","CU19","bet","bet","bet","","CU","","19","2025-05-15 00:00:00","2025-09-26 14:53:21","Lättnader i byggkraven för studentbostäder","","Webbpublicering",""
"5210534","HC01CU2","2024/25","CU2","bet","bet","bet","","CU","","2","2024-10-18 00:00:00","2025-01-17 14:53:04","Aktsamhet vid bygg-, rivnings- och markåtgärder","","Webbpublicering",""
"5236669","HC01CU20","2024/25","CU20","bet","bet","bet","","CU","","20","2025-02-13 00:00:00","2025-02-13 11:48:00","Ett nytt regelverk för bygglov","","planerat",""
"5237167","HC01CU21","2024/25","CU21","bet","bet","bet","","CU","","21","2025-02-18 00:00:00","2025-02-18 09:15:09","Ett utökat näringsförbud på grund av brott","","planerat",""
"5217431","HC01CU3","2024/25","CU3","bet","bet","bet","","CU","","3","2024-11-15 00:00:00","2025-01-31 13:57:35","Bolag och brott","","Webbpublicering",""
"5218125","HC01CU4","2024/25","CU4","bet","bet","bet","","CU","","4","2024-11-21 00:00:00","2025-02-21 15:52:50","Tryggare hem för barn","","Webbpublicering",""
"5218126","HC01CU5","2024/25","CU5","bet","bet","bet","","CU","","5","2024-11-21 00:00:00","2025-02-21 15:57:39","Ett förstärkt konsumentskydd mot riskfylld kreditgivning och överskuldsättning","","Webbpublicering",""
"5224862","HC01CU6","2024/25","CU6","bet","bet","bet","","CU","","6","2025-01-24 00:00:00","2025-03-28 14:07:23","Åtgärder för en bättre bostadsförsörjning","","Webbpublicering",""
"5224867","HC01CU7","2024/25","CU7","bet","bet","bet","","CU","","7","2025-03-21 00:00:00","2025-06-27 14:18:21","Familjerätt","","Webbpublicering",""
"5224866","HC01CU8","2024/25","CU8","bet","bet","bet","","CU","","8","2025-02-07 00:00:00","2025-04-11 15:04:26","Fastighetsrätt","","Webbpublicering",""
"5224864","HC01CU9","2024/25","CU9","bet","bet","bet","","CU","","9","2025-04-11 00:00:00","2025-09-05 14:44:29","Hyresrätt m.m.","","Webbpublicering",""
"5207690","HC01FiU1","2024/25","FiU1","bet","bet","bet","","FiU","","1","2024-11-22 00:00:00","2025-02-21 15:57:35","Statens budget 2025 – Rambeslutet","","Webbpublicering",""
"5207697","HC01FiU10","2024/25","FiU10","bet","bet","bet","","FiU","","10","2024-12-18 00:00:00","2025-12-18 14:08:44","Statens budget för 2025","","Webbpublicering",""
"5207698","HC01FiU11","2024/25","FiU11","bet","bet","bet","","FiU","","11","2024-11-21 00:00:00","2024-11-27 22:40:05","Höständringsbudget för 2024","","Webbpublicering",""
"5216643","HC01FiU12","2024/25","FiU12","bet","bet","bet","","FiU","","12","2024-11-21 00:00:00","2024-11-27 22:40:05","En ny EU-reglering om marknader för kryptotillgångar","","Webbpublicering",""
"5216747","HC01FiU13","2024/25","FiU13","bet","bet","bet","","FiU","","13","2024-12-05 00:00:00","2024-12-12 00:48:29","Digital operativ motståndskraft för finanssektorn","","Webbpublicering",""
"5216867","HC01FiU14","2024/25","FiU14","bet","bet","bet","","FiU","","14","2024-09-24 00:00:00","2024-12-13 15:54:46","Extra ändringsbudget för 2024 – Ytterligare materiel och ekonomiskt stöd till Ukraina","","Webbpublicering",""
"5217528","HC01FiU15","2024/25","FiU15","bet","bet","bet","","FiU","","15","2024-11-08 00:00:00","2024-11-13 17:52:48","Medgivande för Riksbanken att ge kredit till Internationella valutafonden","","Webbpublicering",""
"5224096","HC01FiU16","2024/25","FiU16","bet","bet","bet","","FiU","","16","2025-02-20 00:00:00","2025-05-16 13:52:54","Riksrevisionens rapport om statens tillsyn för att motverka penningtvätt","","Webbpublicering",""
"5224593","HC01FiU17","2024/25","FiU17","bet","bet","bet","","FiU","","17","2025-03-11 00:00:00","2025-06-05 18:55:29","Sveriges genomförande av Agenda 2030","","Webbpublicering",""
"5224595","HC01FiU18","2024/25","FiU18","bet","bet","bet","","FiU","","18","2025-04-29 00:00:00","2025-05-08 01:39:36","EU:s IPI-förordning och upphandlingslagstiftningen","","Webbpublicering",""
"5224742","HC01FiU19","2024/25","FiU19","bet","bet","bet","","FiU","","19","2025-01-23 00:00:00","2025-01-30 00:58:50","Utökade skyldigheter att lämna uppgifter till Utbetalningsmyndigheten","","Webbpublicering",""
"5207692","HC01FiU2","2024/25","FiU2","bet","bet","bet","","FiU","","2","2024-12-13 00:00:00","2025-03-14 15:10:32","Utgiftsområde 2 Samhällsekonomi och finansförvaltning","","Webbpublicering",""
"5222136","HC01FiU20","2024/25","FiU20","bet","bet","bet","","FiU","","20","2025-06-12 00:00:00","2025-11-07 15:06:42","Riktlinjer för den ekonomiska politiken och budgetpolitiken","","Webbpublicering",""
"5222137","HC01FiU21","2024/25","FiU21","bet","bet","bet","","FiU","","21","2025-06-05 00:00:00","2025-06-11 19:02:03","Vårändringsbudget för 2025","","Webbpublicering",""
"5222138","HC01FiU22","2024/25","FiU22","bet","bet","bet","","FiU","","22","2025-04-03 00:00:00","2025-07-04 14:30:05","Finansiell stabilitet och finansmarknadsfrågor","","Webbpublicering",""
"5222139","HC01FiU23","2024/25","FiU23","bet","bet","bet","","FiU","","23","2025-04-29 00:00:00","2025-05-21 00:05:21","Riksbankens verksamhet och förvaltning 2024","","Webbpublicering",""
"5222140","HC01FiU24","2024/25","FiU24","bet","bet","bet","","FiU","","24","2025-06-12 00:00:00","2025-06-18 21:27:54","Uppföljning och utvärdering av Riksbankens penningpolitik 2024","","Webbpublicering",""
"5222141","HC01FiU25","2024/25","FiU25","bet","bet","bet","","FiU","","25","2025-03-13 00:00:00","2025-06-05 18:55:30","Statlig förvaltning och statistikfrågor","","Webbpublicering",""
"5222142","HC01FiU26","2024/25","FiU26","bet","bet","bet","","FiU","","26","2025-02-27 00:00:00","2025-06-05 18:55:31","Kommunala frågor","","Webbpublicering",""
"5228512","HC01FiU27","2024/25","FiU27","bet","bet","bet","","FiU","","27","2025-03-13 00:00:00","2025-03-19 22:57:19","Åtgärder mot missbruk av alternativa betalningssystem","","Webbpublicering",""
"5228518","HC01FiU28","2024/25","FiU28","bet","bet","bet","","FiU","","28","2025-04-29 00:00:00","2025-05-21 00:05:21","Riksrevisionens rapport om distansarbete vid statliga myndigheter","","Webbpublicering",""
"5235766","HC01FiU29","2024/25","FiU29","bet","bet","bet","","FiU","","29","2025-02-18 00:00:00","2025-04-25 14:28:40","Extra ändringsbudget för 2025 – Stöd till Ukraina","","Webbpublicering",""
"5207694","HC01FiU3","2024/25","FiU3","bet","bet","bet","","FiU","","3","2024-12-12 00:00:00","2025-03-14 15:10:33","Utgiftsområde 25 Allmänna bidrag till kommuner","","Webbpublicering",""
"5222143","HC01FiU30","2024/25","FiU30","bet","bet","bet","","FiU","","30","2025-06-05 00:00:00","2025-06-11 19:02:03","Årsredovisning för staten 2024","","Webbpublicering",""
"5241478","HC01FiU31","2024/25","FiU31","bet","bet","bet","","FiU","","31","2025-04-22 00:00:00","2025-08-27 15:57:19","Extra ändringsbudget för 2025 – Ytterligare stöd till Ukraina","","Webbpublicering",""
"5241481","HC01FiU32","2024/25","FiU32","bet","bet","bet","","FiU","","32","2025-05-06 00:00:00","2025-09-05 14:39:52","Extra ändringsbudget för 2025 – Tillfälligt höjd subventionsgrad för rotavdraget","","Webbpublicering",""
"5248272","HC01FiU33","2024/25","FiU33","bet","bet","bet","","FiU","","33","2025-06-12 00:00:00","2025-10-29 17:02:34","Extra ändringsbudget för 2025 - Kapitaltillskott till Apotek Produktion & Laboratorier AB","","Webbpublicering",""
"5222144","HC01FiU34","2024/25","FiU34","bet","bet","bet","","FiU","","34","2025-04-03 00:00:00","2025-07-04 14:30:07","Offentlig upphandling","","Webbpublicering",""
"5230961","HC01FiU35","2024/25","FiU35","bet","bet","bet","","FiU","","35","2025-04-22 00:00:00","2025-04-29 23:38:12","Regellättnader och ökad transparens på värdepappersmarknaden","","Webbpublicering",""
"5230964","HC01FiU36","2024/25","FiU36","bet","bet","bet","","FiU","","36","2025-05-15 00:00:00","2025-09-19 14:48:27","En effektivare förvaltning av buffertkapitalet","","Webbpublicering",""
"5230965","HC01FiU37","2024/25","FiU37","bet","bet","bet","","FiU","","37","2025-05-21 00:00:00","2025-10-09 16:15:40","Stärkt konsumentskydd på kreditmarknaden","","Webbpublicering",""
"5230967","HC01FiU38","2024/25","FiU38","bet","bet","bet","","FiU","","38","2025-05-23 00:00:00","2025-06-04 23:45:57","Åtgärder mot missbruk av betalningssystemet","","Webbpublicering",""
"5207695","HC01FiU4","2024/25","FiU4","bet","bet","bet","","FiU","","4","2024-12-12 00:00:00","2024-12-18 21:01:25","Utgiftsområde 26 Statsskuldsräntor m.m.","","Webbpublicering",""
"5207696","HC01FiU5","2024/25","FiU5","bet","bet","bet","","FiU","","5","2024-12-12 00:00:00","2025-03-14 15:10:36","Utgiftsområde 27 Avgiften till Europeiska unionen","","Webbpublicering",""
"5207688","HC01FiU6","2024/25","FiU6","bet","bet","bet","","FiU","","6","2024-10-25 00:00:00","2024-11-06 09:30:05","Redovisning av AP-fondernas verksamhet t.o.m. 2023","","Webbpublicering",""
"5216644","HC01FiU7","2024/25","FiU7","bet","bet","bet","","FiU","","7","2024-11-14 00:00:00","2024-11-20 20:51:04","Europeiska gröna obligationer","","Webbpublicering",""
"5216655","HC01FiU8","2024/25","FiU8","bet","bet","bet","","FiU","","8","2024-12-12 00:00:00","2025-03-14 15:10:36","Riksbankens finansiering","","Webbpublicering",""
"5206905","HC01FiU9","2024/25","FiU9","bet","bet","bet","","FiU","","9","2024-10-17 00:00:00","2025-04-14 09:03:35","Riksrevisorns årliga rapport 2024","","Webbpublicering",""
"5222724","HC01FöU1","2024/25","FöU1","bet","bet","bet","","FöU","","1","2024-11-28 00:00:00","2026-04-20 15:10:29","Utgiftsområde 6 Försvar och samhällets krisberedskap","","Webbpublicering",""
"5222725","HC01FöU2","2024/25","FöU2","bet","bet","bet","","FöU","","2","2024-12-16 00:00:00","2026-04-20 15:06:20","Totalförsvaret 2025–2030","","Webbpublicering",""
"5231008","HC01FöU3","2024/25","FöU3","bet","bet","bet","","FöU","","3","2025-02-12 00:00:00","2026-04-20 15:04:47","Integritetsskydd vid signalspaning i försvarsunderrättelseverksamhet","","Webbpublicering",""
"5235375","HC01FöU4","2024/25","FöU4","bet","bet","bet","","FöU","","4","2025-03-26 00:00:00","2026-04-20 15:01:10","Samhällets krisberedskap","","Webbpublicering",""
"5235376","HC01FöU5","2024/25","FöU5","bet","bet","bet","","FöU","","5","2025-04-04 00:00:00","2026-04-20 14:58:34","Militära frågor","","Webbpublicering",""
"5235380","HC01FöU6","2024/25","FöU6","bet","bet","bet","","FöU","","6","2025-04-14 00:00:00","2026-04-20 14:57:05","Personalfrågor","","Webbpublicering",""
"5235902","HC01FöU7","2024/25","FöU7","bet","utl","bet","","FöU","","7","2025-05-08 00:00:00","2025-05-15 19:42:15","Vitbok om europeisk försvarsberedskap 2030","","Webbpublicering",""
"5235904","HC01FöU8","2024/25","FöU8","bet","bet","bet","","FöU","","8","2025-06-05 00:00:00","2026-04-20 14:52:09","Nationell strategi för cybersäkerhet 2025–2029","","Webbpublicering",""
"5247215","HC01FöU9","2024/25","FöU9","bet","bet","bet","","FöU","","9","2025-06-10 00:00:00","2025-06-18 01:45:33","Explosiva varor – en ändamålsenlig hantering av tillstånd och tillsyn","","Webbpublicering",""
"5218044","HC01JuU1","2024/25","JuU1","bet","bet","bet","","JuU","","1","2024-11-29 00:00:00","2025-02-28 14:41:58","Utgiftsområde 4 Rättsväsendet","","Webbpublicering",""
"5225091","HC01JuU10","2024/25","JuU10","bet","bet","bet","","JuU","","10","2025-04-23 00:00:00","2025-08-27 15:57:20","Straffrättsliga frågor","","Webbpublicering",""
"5225098","HC01JuU11","2024/25","JuU11","bet","bet","bet","","JuU","","11","2025-04-11 00:00:00","2025-08-22 14:54:46","Våldsbrott och brottsoffer","","Webbpublicering",""
"5225096","HC01JuU12","2024/25","JuU12","bet","bet","bet","","JuU","","12","2025-02-14 00:00:00","2025-08-13 10:59:50","Unga lagöverträdare","","Webbpublicering",""
"5225095","HC01JuU13","2024/25","JuU13","bet","bet","bet","","JuU","","13","2025-04-02 00:00:00","2025-08-13 11:00:23","Terrorism","","Webbpublicering",""
"5225094","HC01JuU14","2024/25","JuU14","bet","bet","bet","","JuU","","14","2025-04-23 00:00:00","2025-08-27 15:57:21","Kriminalvårdsfrågor","","Webbpublicering",""
"5225093","HC01JuU15","2024/25","JuU15","bet","bet","bet","","JuU","","15","2025-04-14 00:00:00","2025-08-22 14:54:47","Polisfrågor","","Webbpublicering",""
"5225092","HC01JuU16","2024/25","JuU16","bet","bet","bet","","JuU","","16","2025-03-28 00:00:00","2025-08-13 11:02:45","Processrättsliga frågor","","Webbpublicering",""
"5225102","HC01JuU17","2024/25","JuU17","bet","bet","bet","","JuU","","17","2025-05-08 00:00:00","2025-09-12 14:46:25","Vapenfrågor","","Webbpublicering",""
"5222190","HC01JuU18","2024/25","JuU18","bet","bet","bet","","JuU","","18","2025-01-31 00:00:00","2025-08-13 11:25:32","Biometri i brottsbekämpningen","","Webbpublicering",""
"5223964","HC01JuU19","2024/25","JuU19","bet","bet","bet","","JuU","","19","2025-01-31 00:00:00","2025-08-13 11:27:10","Riksrevisionens rapport om Kriminalvårdens behandlingsverksamhet","","Webbpublicering",""
"5210531","HC01JuU2","2024/25","JuU2","bet","bet","bet","","JuU","","2","2024-09-19 00:00:00","2024-09-25 17:10:05","Överlämnande av mål mellan allmänna förvaltningsdomstolar","","Webbpublicering",""
"5223965","HC01JuU20","2024/25","JuU20","bet","bet","bet","","JuU","","20","2025-01-24 00:00:00","2025-08-13 11:28:19","Nya uppgifter för centrum mot våldsbejakande extremism","","Webbpublicering",""
"5224774","HC01JuU21","2024/25","JuU21","bet","bet","bet","","JuU","","21","2025-02-21 00:00:00","2025-08-13 11:29:27","Hemlig dataavläsning mot allvarliga brott","","Webbpublicering",""
"5225340","HC01JuU22","2024/25","JuU22","bet","bet","bet","","JuU","","22","2025-02-21 00:00:00","2025-08-13 11:31:01","En modern straffrättslig preskriptionslagstiftning","","Webbpublicering",""
"5226156","HC01JuU23","2024/25","JuU23","bet","bet","bet","","JuU","","23","2024-11-29 00:00:00","2024-12-05 02:37:08","Rättelse i lagar om ändring i kustbevakningslagen och tullbefogenhetslagen","","Webbpublicering",""
"5226308","HC01JuU24","2024/25","JuU24","bet","bet","bet","","JuU","","24","2025-03-21 00:00:00","2025-08-13 11:32:12","Riksrevisionens rapport om statens insatser för barn som misstänks för grova brott","","Webbpublicering",""
"5228235","HC01JuU25","2024/25","JuU25","bet","bet","bet","","JuU","","25","2025-05-09 00:00:00","2026-04-20 14:55:02","Redovisning av användningen av hemliga tvångsmedel under 2023","","Webbpublicering",""
"5229811","HC01JuU26","2024/25","JuU26","bet","bet","bet","","JuU","","26","2025-03-14 00:00:00","2025-08-13 11:33:58","2024 års redogörelse för tillämpningen av lagen om särskild kontroll av vissa utlänningar","","Webbpublicering",""
"5236021","HC01JuU27","2024/25","JuU27","bet","bet","bet","","JuU","","27","2025-03-11 00:00:00","2026-04-20 15:04:47","Kamerabevakning i brottsbekämpning och annan offentlig verksamhet – utökade möjligheter och ett enklare förfarande","","Webbpublicering",""
"5239805","HC01JuU28","2024/25","JuU28","bet","bet","bet","","JuU","","28","2025-05-14 00:00:00","2025-09-26 14:53:20","Internationell verkställighet i brottmål","","Webbpublicering",""
"5239842","HC01JuU29","2024/25","JuU29","bet","bet","bet","","JuU","","29","2025-05-14 00:00:00","2025-09-19 14:48:33","Ett starkare skydd för offentliganställda mot våld, hot och trakasserier m.m.","","Webbpublicering",""
"5210532","HC01JuU3","2024/25","JuU3","bet","bet","bet","","JuU","","3","2024-09-26 00:00:00","2024-12-13 16:02:24","En ny förverkandelagstiftning","","Webbpublicering",""
"5239890","HC01JuU30","2024/25","JuU30","bet","bet","bet","","JuU","","30","2025-05-14 00:00:00","2025-09-19 14:48:35","Skärpt syn på sexuella kränkningar, bedrägerier mot äldre och brott med kön som hatbrottsmotiv","","Webbpublicering",""
"5239891","HC01JuU31","2024/25","JuU31","bet","bet","bet","","JuU","","31","2025-05-14 00:00:00","2025-09-19 14:48:33","Kontaktförbud – ett utökat skydd för utsatta personer","","Webbpublicering",""
"5243437","HC01JuU32","2024/25","JuU32","bet","bet","bet","","JuU","","32","2025-06-04 00:00:00","2025-08-13 11:40:47","Riksrevisionens rapport om Säkerhetspolisens verksamhet","","Webbpublicering",""
"5239806","HC01JuU33","2024/25","JuU33","bet","bet","bet","","JuU","","33","2025-04-10 00:00:00","2025-08-13 11:41:49","Redogörelse för verksamheten inom den gemensamma parlamentariska kontrollgruppen för Europol och riksdagsdelegationens arbete under 2024","","Webbpublicering",""
"5243436","HC01JuU34","2024/25","JuU34","bet","bet","bet","","JuU","","34","2025-06-04 00:00:00","2025-08-13 11:49:05","Rättens sammansättning vid överprövning av upphandling av fonder till premiepensionens fondtorg","","Webbpublicering",""
"5211012","HC01JuU4","2024/25","JuU4","bet","bet","bet","","JuU","","4","2024-11-15 00:00:00","2025-01-31 13:57:34","Riksrevisionens rapport om statens skydd av hotade personer","","Webbpublicering",""
"5217284","HC01JuU5","2024/25","JuU5","bet","bet","bet","","JuU","","5","2024-11-21 00:00:00","2025-02-21 15:52:47","Ett starkt polissamarbete i Tornedalsregionen","","Webbpublicering",""
"5218049","HC01JuU6","2024/25","JuU6","bet","bet","bet","","JuU","","6","2024-11-21 00:00:00","2025-02-21 15:52:47","Anonyma vittnen","","Webbpublicering",""
"5218048","HC01JuU7","2024/25","JuU7","bet","bet","bet","","JuU","","7","2024-11-15 00:00:00","2024-11-27 22:40:06","Stärkta möjligheter att upptäcka narkotikapåverkade förare i trafiken","","Webbpublicering",""
"5218047","HC01JuU8","2024/25","JuU8","bet","bet","bet","","JuU","","8","2024-11-21 00:00:00","2024-11-27 22:40:05","Kompletterande förslag med anledning av en ny förverkandelagstiftning","","Webbpublicering",""
"5218046","HC01JuU9","2024/25","JuU9","bet","bet","bet","","JuU","","9","2025-02-21 00:00:00","2025-08-13 11:50:21","Ökat informationsflöde till brottsbekämpningen","","Webbpublicering",""
"5217759","HC01KrU1","2024/25","KrU1","bet","bet","bet","","KrU","","1","2024-11-29 00:00:00","2026-04-20 15:10:40","Utgiftsområde 17 Kultur, medier, trossamfund och fritid","","Webbpublicering",""
"5235091","HC01KrU10","2024/25","KrU10","bet","bet","bet","","KrU","","10","2025-06-02 00:00:00","2025-06-12 11:21:49","Riksrevisionens rapport om Spelinspektionens tillsynsverksamhet","","Webbpublicering",""
"5235092","HC01KrU11","2024/25","KrU11","bet","bet","bet","","KrU","","11","2025-06-09 00:00:00","2026-04-20 14:52:04","Partipolitiska lotterier","","Webbpublicering",""
"5243191","HC01KrU12","2024/25","KrU12","bet","bet","bet","","KrU","","12","2025-04-15 00:00:00","2025-04-15 14:48:39","Public service","","planerat",""
"5217758","HC01KrU2","2024/25","KrU2","bet","bet","bet","","KrU","","2","2024-11-25 00:00:00","2024-11-28 22:41:25","En rätt för licenshavare att behandla uppgifter om lagöverträdelser","","Webbpublicering",""
"5224738","HC01KrU3","2024/25","KrU3","bet","bet","bet","","KrU","","3","2025-02-24 00:00:00","2025-05-16 13:52:57","Idrott och friluftsliv","","Webbpublicering",""
"5224739","HC01KrU4","2024/25","KrU4","bet","bet","bet","","KrU","","4","2025-02-17 00:00:00","2025-04-25 14:43:18","Public service, film och dataspel","","Webbpublicering",""
"5224775","HC01KrU5","2024/25","KrU5","bet","bet","bet","","KrU","","5","2025-02-17 00:00:00","2025-04-25 14:43:18","Kulturarv","","Webbpublicering",""
"5226967","HC01KrU6","2024/25","KrU6","bet","bet","bet","","KrU","","6","2025-04-04 00:00:00","2026-04-20 14:58:48","Tillgång till kultur och kulturskaparnas villkor","","Webbpublicering",""
"5226962","HC01KrU7","2024/25","KrU7","bet","bet","bet","","KrU","","7","2025-04-04 00:00:00","2026-04-20 14:58:48","Litteratur, språk och konstarter","","Webbpublicering",""
"5226984","HC01KrU8","2024/25","KrU8","bet","bet","bet","","KrU","","8","2025-04-17 00:00:00","2025-08-22 14:54:46","Civila samhället, trossamfund och folkbildning","","Webbpublicering",""
"5230552","HC01KrU9","2024/25","KrU9","bet","bet","bet","","KrU","","9","2025-03-28 00:00:00","2025-04-02 21:57:48","Avveckling av statliga kasinon","","Webbpublicering",""
"5219366","HC01KU1","2024/25","KU1","bet","bet","bet","","KU","","1","2024-11-29 00:00:00","2026-04-20 15:10:28","Utgiftsområde 1 Rikets styrelse","","Webbpublicering",""
"5226959","HC01KU10","2024/25","KU10","bet","bet","bet","","KU","","10","2024-11-29 00:00:00","2025-12-18 14:32:48","Granskning av statsrådens tjänsteutövning och regeringsärendenas handläggning","","planerat",""
"5235993","HC01KU11","2024/25","KU11","bet","bet","bet","","KU","","11","2025-06-05 00:00:00","2026-04-20 12:04:04","Justitieombudsmännens ämbetsberättelse","","Webbpublicering",""
"5235392","HC01KU12","2024/25","KU12","bet","bet","bet","","KU","","12","2025-03-21 00:00:00","2025-03-26 22:25:16","Ett nytt rättsmedel i dataskyddslagen och brottsdatalagen","","Webbpublicering",""
"5227483","HC01KU13","2024/25","KU13","bet","bet","bet","","KU","","13","2025-02-20 00:00:00","2025-05-16 13:49:47","Valfrågor","","Webbpublicering",""
"5229838","HC01KU14","2024/25","KU14","bet","bet","bet","","KU","","14","2025-01-30 00:00:00","2025-06-25 10:03:43","Riksdagens arbetsformer","","Webbpublicering",""
"5230413","HC01KU15","2024/25","KU15","bet","bet","bet","","KU","","15","2025-02-20 00:00:00","2025-02-27 02:49:22","Enhetliga sekretessbestämmelser i Statens haverikommissions verksamhet","","Webbpublicering",""
"5235393","HC01KU16","2024/25","KU16","bet","bet","bet","","KU","","16","2025-04-30 00:00:00","2025-09-05 14:39:54","Författningsfrågor","","Webbpublicering",""
"5235394","HC01KU17","2024/25","KU17","bet","bet","bet","","KU","","17","2025-06-05 00:00:00","2025-06-12 11:19:15","Riksrevisionens årsredovisning för 2024","","Webbpublicering",""
"5244080","HC01KU18","2024/25","KU18","bet","bet","bet","","KU","","18","2025-06-04 00:00:00","2025-06-11 19:02:03","Kommittéberättelse – kommittéernas verksamhet under 2024 m.m.","","Webbpublicering",""
"5235396","HC01KU19","2024/25","KU19","bet","bet","bet","","KU","","19","2025-04-29 00:00:00","2025-09-05 14:39:56","Stärkt skydd för vissa förtroendevalda och en tydligare intern kontroll i kommuner och regioner","","Webbpublicering",""
"5219367","HC01KU2","2024/25","KU2","bet","bet","bet","","KU","","2","2024-10-24 00:00:00","2024-11-06 09:27:48","Tilläggsprotokoll 16 till Europakonventionen – en möjlighet för de högsta domstolarna att begära rådgivande yttrande från Europadomstolen","","Webbpublicering",""
"5230544","HC01KU20","2024/25","KU20","bet","bet","bet","","KU","","20","2025-06-10 00:00:00","2026-04-20 12:04:03","Granskningsbetänkande","","Webbpublicering",""
"5273102","HC01KU20d2","2024/25","KU20","bet","","bet","d2","KU","","20","2025-01-01 00:00:00","2025-11-18 16:42:03","Granskningsbetänkande - del 2","","","HC01KU20"
"5273550","HC01KU20d3","2024/25","KU20","bet","","bet","d3","KU","","20","2025-01-01 00:00:00","2025-11-25 10:48:07","Granskningsbetänkande - del 3","","","HC01KU20"
"5235397","HC01KU21","2024/25","KU21","bet","bet","bet","","KU","","21","2025-06-11 00:00:00","2026-04-20 12:04:05","Behandlingen av riksdagens skrivelser","","Webbpublicering",""
"5244216","HC01KU22","2024/25","KU22","bet","bet","bet","","KU","","22","2025-06-11 00:00:00","2025-06-18 01:45:33","Indelning i utgiftsområden","","Webbpublicering",""
"5235398","HC01KU23","2024/25","KU23","bet","bet","bet","","KU","","23","2025-04-03 00:00:00","2025-07-04 14:30:01","Offentlig förvaltning","","Webbpublicering",""
"5235399","HC01KU24","2024/25","KU24","bet","bet","bet","","KU","","24","2025-03-21 00:00:00","2025-06-27 14:18:18","Tryck- och yttrandefrihet, massmediefrågor","","Webbpublicering",""
"5235400","HC01KU25","2024/25","KU25","bet","bet","bet","","KU","","25","2025-04-03 00:00:00","2025-07-04 14:30:01","Fri- och rättigheter","","Webbpublicering",""
"5235402","HC01KU26","2024/25","KU26","bet","bet","bet","","KU","","26","2025-04-03 00:00:00","2025-07-04 14:30:03","Kommunala och regionala frågor","","Webbpublicering",""
"5235403","HC01KU27","2024/25","KU27","bet","bet","bet","","KU","","27","2025-03-12 00:00:00","2025-06-27 14:18:19","Trossamfund och begravningsfrågor","","Webbpublicering",""
"5235405","HC01KU28","2024/25","KU28","bet","bet","bet","","KU","","28","2025-04-30 00:00:00","2025-09-05 14:39:56","Minoritetsfrågor","","Webbpublicering",""
"5235411","HC01KU29","2024/25","KU29","bet","bet","bet","","KU","","29","2025-06-04 00:00:00","2025-06-11 19:02:03","Verksamhetsredogörelser för riksdagens nämnder","","Webbpublicering",""
"5219371","HC01KU3","2024/25","KU3","bet","bet","bet","","KU","","3","2024-10-24 00:00:00","2024-11-06 09:29:30","Utgivningsbevis för periodiska skrifter","","Webbpublicering",""
"5235406","HC01KU30","2024/25","KU30","bet","bet","bet","","KU","","30","2025-05-22 00:00:00","2025-06-10 13:59:20","Stärkt skydd för demokratin och domstolarnas oberoende","","planerat",""
"5244081","HC01KU31","2024/25","KU31","bet","bet","bet","","KU","","31","2025-05-22 00:00:00","2025-06-12 10:40:12","En långsiktigt hållbar kommersiell radioverksamhet","","planerat",""
"5244084","HC01KU33","2024/25","KU33","bet","bet","bet","","KU","","33","2025-04-25 00:00:00","2025-04-25 09:13:49","Förbättrade möjligheter till informationsutbyte mellan myndigheter","","planerat",""
"5244086","HC01KU34","2024/25","KU34","bet","bet","bet","","KU","","34","2025-04-25 00:00:00","2025-04-25 09:08:18","Säkerhet och tillgänglighet vid val","","planerat",""
"5227477","HC01KU4","2024/25","KU4","bet","bet","bet","","KU","","4","2025-02-14 00:00:00","2025-02-27 02:49:22","Sekretess vid val till Sametinget","","Webbpublicering",""
"5217480","HC01KU5","2024/25","KU5","bet","bet","bet","","KU","","5","2024-12-18 00:00:00","2025-03-21 15:38:22","Uppföljning av riksdagens tillämpning av subsidiaritetsprincipen","","Webbpublicering",""
"5227479","HC01KU6","2024/25","KU6","bet","utl","bet","","KU","","6","2025-02-14 00:00:00","2025-05-16 13:49:45","2024 års rapport om rättsstatsprincipen","","Webbpublicering",""
"5227480","HC01KU7","2024/25","KU7","bet","bet","bet","","KU","","7","2025-01-16 00:00:00","2025-03-21 15:38:26","Offentlighet, sekretess och integritet","","Webbpublicering",""
"5227481","HC01KU8","2024/25","KU8","bet","bet","bet","","KU","","8","2025-01-16 00:00:00","2025-03-21 15:38:26","Allmänna helgdagar m.m.","","Webbpublicering",""
"5224600","HC01KU9","2024/25","KU9","bet","bet","bet","","KU","","9","2025-02-20 00:00:00","2025-02-27 02:49:22","Sekretess i Justitiekanslerns verksamhet med att bevaka statens rätt i internationella skiljeförfaranden","","Webbpublicering",""
"5217564","HC01MJU1","2024/25","MJU1","bet","bet","bet","","MJU","","1","2024-12-11 00:00:00","2026-04-20 15:06:35","Utgiftsområde 20 Klimat, miljö och natur","","Webbpublicering",""
"5228344","HC01MJU10","2024/25","MJU10","bet","bet","bet","","MJU","","10","2025-03-21 00:00:00","2025-06-27 14:21:39","Bättre förutsättningar inom djurens hälso- och sjukvård samt djurskydd","","Webbpublicering",""
"5228928","HC01MJU11","2024/25","MJU11","bet","bet","bet","","MJU","","11","2025-02-24 00:00:00","2025-06-05 18:47:01","Riksrevisionens rapport om förvaltningen av skyddad natur","","Webbpublicering",""
"5230556","HC01MJU12","2024/25","MJU12","bet","bet","bet","","MJU","","12","2025-03-12 00:00:00","2026-04-20 15:02:35","Skogspolitik","","Webbpublicering",""
"5235207","HC01MJU13","2024/25","MJU13","bet","bet","bet","","MJU","","13","2025-03-20 00:00:00","2025-06-27 14:21:39","Förbud mot bottentrålning i marina skyddade områden","","Webbpublicering",""
"5235208","HC01MJU14","2024/25","MJU14","bet","bet","bet","","MJU","","14","2025-04-24 00:00:00","2025-09-05 14:39:58","Klimatpolitik","","Webbpublicering",""
"5235209","HC01MJU15","2024/25","MJU15","bet","bet","bet","","MJU","","15","2025-04-09 00:00:00","2025-09-05 14:40:04","Riksrevisionens rapport om Industriklivet","","Webbpublicering",""
"5236215","HC01MJU16","2024/25","MJU16","bet","bet","bet","","MJU","","16","2025-05-09 00:00:00","2025-09-12 14:49:59","Lättnader i strandskyddet – ett första steg","","Webbpublicering",""
"5240001","HC01MJU17","2024/25","MJU17","bet","bet","bet","","MJU","","17","2025-05-15 00:00:00","2025-10-09 16:15:51","Nya regler för datacenter och hållbara bränslen samt en ny reduktionsplikt","","Webbpublicering",""
"5235210","HC01MJU18","2024/25","MJU18","bet","bet","bet","","MJU","","18","2025-05-22 00:00:00","2025-10-24 14:34:10","Cirkulär och giftfri ekonomi","","Webbpublicering",""
"5241547","HC01MJU19","2024/25","MJU19","bet","bet","bet","","MJU","","19","2025-05-15 00:00:00","2025-10-09 16:15:52","Fiskeripolitik","","Webbpublicering",""
"5217575","HC01MJU2","2024/25","MJU2","bet","bet","bet","","MJU","","2","2024-12-09 00:00:00","2026-04-20 15:07:54","Utgiftsområde 23 Areella näringar, landsbygd och livsmedel","","Webbpublicering",""
"5236220","HC01MJU20","2024/25","MJU20","bet","bet","bet","","MJU","","20","2025-05-26 00:00:00","2025-10-09 16:28:07","En utvidgad insamling och utlämning av djurhälsodata samt jordbrukspolitik","","Webbpublicering",""
"5240000","HC01MJU21","2024/25","MJU21","bet","bet","bet","","MJU","","21","2025-06-10 00:00:00","2026-04-20 12:04:07","Nämdöskärgårdens nationalpark och naturvård","","Webbpublicering",""
"5242680","HC01MJU22","2024/25","MJU22","bet","bet","bet","","MJU","","22","2025-06-10 00:00:00","2026-04-20 12:04:08","Ett förbättrat genomförande av MKB-direktivet","","Webbpublicering",""
"5241802","HC01MJU23","2024/25","MJU23","bet","bet","bet","","MJU","","23","2025-06-04 00:00:00","2026-04-20 14:52:12","Förbättrade förutsättningar för ett hållbart vattenbruk","","Webbpublicering",""
"5209090","HC01MJU3","2024/25","MJU3","bet","bet","bet","","MJU","","3","2024-09-19 00:00:00","2024-12-13 15:54:50","EU:s nya utsläppshandelssystem för fossila bränslen","","Webbpublicering",""
"5210568","HC01MJU4","2024/25","MJU4","bet","bet","bet","","MJU","","4","2024-10-18 00:00:00","2025-01-17 14:53:07","Steg på vägen mot en mer effektiv miljöprövning","","Webbpublicering",""
"5220563","HC01MJU5","2024/25","MJU5","bet","bet","bet","","MJU","","5","2024-11-15 00:00:00","2025-01-31 13:57:30","Ett levande hav – ökat skydd, minskad övergödning och ett hållbart fiske","","Webbpublicering",""
"5224747","HC01MJU6","2024/25","MJU6","bet","bet","bet","","MJU","","6","2025-01-16 00:00:00","2025-03-21 15:38:30","Naturvårdshänsyn vid fiske i havet för att skydda Natura 2000-områden","","Webbpublicering",""
"5225141","HC01MJU7","2024/25","MJU7","bet","bet","bet","","MJU","","7","2025-02-11 00:00:00","2025-04-25 14:28:44","Jakt och viltvård","","Webbpublicering",""
"5225140","HC01MJU8","2024/25","MJU8","bet","bet","bet","","MJU","","8","2025-02-11 00:00:00","2025-04-25 14:28:45","Livsmedelspolitik","","Webbpublicering",""
"5228337","HC01MJU9","2024/25","MJU9","bet","bet","bet","","MJU","","9","2025-02-25 00:00:00","2025-06-05 18:46:53","Övergripande miljöfrågor","","Webbpublicering",""
"5208980","HC01NU1","2024/25","NU1","bet","bet","bet","","NU","","1","2024-12-11 00:00:00","2026-04-20 15:06:20","Utgiftsområde 24 Näringsliv","","Webbpublicering",""
"5216538","HC01NU10","2024/25","NU10","bet","bet","bet","","NU","","10","2025-02-13 00:00:00","2025-08-13 11:14:48","Regional utvecklingspolitik","","Webbpublicering",""
"5216539","HC01NU11","2024/25","NU11","bet","bet","bet","","NU","","11","2025-01-16 00:00:00","2025-08-12 11:36:20","En kapacitetsmekanism för elmarknaden","","Webbpublicering",""
"5222645","HC01NU12","2024/25","NU12","bet","bet","bet","","NU","","12","2025-03-06 00:00:00","2026-04-20 15:04:56","Elmarknadsfrågor","","Webbpublicering",""
"5222646","HC01NU13","2024/25","NU13","bet","bet","bet","","NU","","13","2025-02-13 00:00:00","2025-08-14 09:37:24","Handelspolitik","","Webbpublicering",""
"5222648","HC01NU14","2024/25","NU14","bet","bet","bet","","NU","","14","2025-03-04 00:00:00","2026-04-20 15:04:57","Forskning och innovation på energiområdet för försörjningstrygghet, konkurrenskraft och klimatomställning","","Webbpublicering",""
"5222642","HC01NU15","2024/25","NU15","bet","bet","bet","","NU","","15","2025-04-10 00:00:00","2025-04-25 03:40:48","Lagändringar till följd av ändringar i EU:s formskyddsförordning","","Webbpublicering",""
"5222649","HC01NU16","2024/25","NU16","bet","bet","bet","","NU","","16","2025-03-20 00:00:00","2025-08-12 10:59:31","Regelförenkling för företag","","Webbpublicering",""
"5222651","HC01NU17","2024/25","NU17","bet","bet","bet","","NU","","17","2025-04-16 00:00:00","2026-04-20 14:57:05","Näringspolitik","","Webbpublicering",""
"5222652","HC01NU18","2024/25","NU18","bet","bet","bet","","NU","","18","2025-03-20 00:00:00","2025-08-12 11:37:50","Mineralpolitik","","Webbpublicering",""
"5222654","HC01NU19","2024/25","NU19","bet","bet","bet","","NU","","19","2025-04-29 00:00:00","2025-09-05 14:44:21","Energipolitik","","Webbpublicering",""
"5208981","HC01NU2","2024/25","NU2","bet","bet","bet","","NU","","2","2024-12-13 00:00:00","2026-04-20 15:06:22","Utgiftsområde 19 Regional utveckling","","Webbpublicering",""
"5235198","HC01NU20","2024/25","NU20","bet","bet","bet","","NU","","20","2025-05-16 00:00:00","2025-10-09 16:15:42","Finansiering och riskdelning vid investeringar i ny kärnkraft","","Webbpublicering",""
"5235199","HC01NU21","2024/25","NU21","bet","bet","bet","","NU","","21","2025-05-16 00:00:00","2025-10-09 16:15:43","Ersättning till radio- och tv-företag vid privatkopiering","","Webbpublicering",""
"5235200","HC01NU22","2024/25","NU22","bet","bet","bet","","NU","","22","2025-05-28 00:00:00","2025-06-10 22:05:07","Upphävande av lagen om strukturfondspartnerskap","","Webbpublicering",""
"5238661","HC01NU23","2024/25","NU23","bet","utl","bet","","NU","","23","2025-05-08 00:00:00","2025-09-12 14:50:10","Kommissionens meddelande om en konkurrenskraftskompass för EU","","Webbpublicering",""
"5208982","HC01NU3","2024/25","NU3","bet","bet","bet","","NU","","3","2024-12-09 00:00:00","2026-04-20 15:08:07","Utgiftsområde 21 Energi","","Webbpublicering",""
"5208983","HC01NU4","2024/25","NU4","bet","bet","bet","","NU","","4","2024-12-17 00:00:00","2025-08-12 10:58:53","2024 års redogörelse för företag med statligt ägande","","Webbpublicering",""
"5207507","HC01NU5","2024/25","NU5","bet","bet","bet","","NU","","5","2024-09-19 00:00:00","2024-09-25 17:10:04","Kompletterande bestämmelser till nya unionsregler på konkurrensområdet","","Webbpublicering",""
"5207509","HC01NU6","2024/25","NU6","bet","bet","bet","","NU","","6","2024-10-04 00:00:00","2024-11-20 12:25:12","Ny patentlag","","Webbpublicering",""
"5207511","HC01NU7","2024/25","NU7","bet","bet","bet","","NU","","7","2024-10-16 00:00:00","2024-10-23 18:05:22","Kompletterande bestämmelser till EU:s förordning om digitala tjänster","","Webbpublicering",""
"5216535","HC01NU8","2024/25","NU8","bet","bet","bet","","NU","","8","2024-11-14 00:00:00","2025-01-31 13:57:32","Avskaffat krav på tillstånd för hotell- och pensionatsrörelser","","Webbpublicering",""
"5216536","HC01NU9","2024/25","NU9","bet","bet","bet","","NU","","9","2024-11-14 00:00:00","2025-01-31 13:57:33","Tillgång till mät- och förbrukningsuppgifter på elmarknaden","","Webbpublicering",""
"5217862","HC01SfU1","2024/25","SfU1","bet","bet","bet","","SfU","","1","2024-12-06 00:00:00","2025-03-06 16:12:16","Utgiftsområde 10 Ekonomisk trygghet vid sjukdom och funktionsnedsättning","","Webbpublicering",""
"5217859","HC01SfU10","2024/25","SfU10","bet","bet","bet","","SfU","","10","2025-01-24 00:00:00","2025-03-28 14:07:20","Bättre verktyg för att bekämpa den kriminella ekonomin – betalningssäkring inom socialförsäkringen","","Webbpublicering",""
"5217861","HC01SfU11","2024/25","SfU11","bet","bet","bet","","SfU","","11","2025-01-23 00:00:00","2025-03-28 14:07:22","En ny ordning för asylsökandes boende","","Webbpublicering",""
"5225570","HC01SfU12","2024/25","SfU12","bet","bet","bet","","SfU","","12","2025-02-20 00:00:00","2025-02-27 20:36:51","Ny ordning för prövning av ärenden som rör statligt personskadeskydd","","Webbpublicering",""
"5224122","HC01SfU13","2024/25","SfU13","bet","bet","bet","","SfU","","13","2025-02-20 00:00:00","2025-05-16 13:49:57","Pensioner","","Webbpublicering",""
"5224123","HC01SfU14","2024/25","SfU14","bet","bet","bet","","SfU","","14","2025-02-20 00:00:00","2025-05-16 13:49:59","Socialavgifter","","Webbpublicering",""
"5224124","HC01SfU15","2024/25","SfU15","bet","bet","bet","","SfU","","15","2025-02-21 00:00:00","2025-05-16 13:49:59","Arbetskraftsinvandring","","Webbpublicering",""
"5228716","HC01SfU16","2024/25","SfU16","bet","bet","bet","","SfU","","16","2025-03-24 00:00:00","2025-04-02 21:57:48","Riksrevisionens rapport om socialförsäkringen vid utländska inkomster","","Webbpublicering",""
"5235906","HC01SfU17","2024/25","SfU17","bet","bet","bet","","SfU","","17","2025-03-04 00:00:00","2026-04-20 15:04:46","Preskription av avlägsnandebeslut, avskaffande av spårbyte och vissa frågor om återreseförbud","","Webbpublicering",""
"5228718","HC01SfU18","2024/25","SfU18","bet","bet","bet","","SfU","","18","2025-04-14 00:00:00","2026-04-20 14:56:55","Migrationsfrågor","","Webbpublicering",""
"5228719","HC01SfU19","2024/25","SfU19","bet","bet","bet","","SfU","","19","2025-05-09 00:00:00","2025-09-12 14:50:11","Ekonomisk familjepolitik","","Webbpublicering",""
"5217863","HC01SfU2","2024/25","SfU2","bet","bet","bet","","SfU","","2","2024-12-03 00:00:00","2025-02-28 14:42:04","Utgiftsområde 11 Ekonomisk trygghet vid ålderdom","","Webbpublicering",""
"5228720","HC01SfU20","2024/25","SfU20","bet","bet","bet","","SfU","","20","2025-05-09 00:00:00","2025-09-12 14:50:12","Socialförsäkringsfrågor","","Webbpublicering",""
"5230741","HC01SfU21","2024/25","SfU21","bet","bet","bet","","SfU","","21","2025-05-27 00:00:00","2025-10-09 16:28:03","Indragna eller minskade socialförsäkringsförmåner för den som undanhåller sig verkställighet av häktning eller frihetsberövande påföljd","","Webbpublicering",""
"5244161","HC01SfU22","2024/25","SfU22","bet","bet","bet","","SfU","","22","2025-06-12 00:00:00","2025-10-29 17:02:39","Förbättrad ordning och säkerhet vid förvar","","Webbpublicering",""
"5217864","HC01SfU3","2024/25","SfU3","bet","bet","bet","","SfU","","3","2024-12-06 00:00:00","2025-03-06 16:12:18","Utgiftsområde 12 Ekonomisk trygghet för familjer och barn","","Webbpublicering",""
"5217865","HC01SfU4","2024/25","SfU4","bet","bet","bet","","SfU","","4","2024-12-03 00:00:00","2025-02-28 14:42:05","Utgiftsområde 8 Migration","","Webbpublicering",""
"5211889","HC01SfU5","2024/25","SfU5","bet","bet","bet","","SfU","","5","2024-09-30 00:00:00","2024-12-13 16:02:26","Förbättrade levnadsvillkor för utlänningar med tillfälligt skydd","","Webbpublicering",""
"5218546","HC01SfU6","2024/25","SfU6","bet","bet","bet","","SfU","","6","2024-11-21 00:00:00","2025-02-21 15:59:59","Genomförande av det nya blåkortsdirektivet","","Webbpublicering",""
"5210547","HC01SfU7","2024/25","SfU7","bet","bet","bet","","SfU","","7","2024-09-26 00:00:00","2024-10-02 20:05:50","En registerlag för Inspektionen för socialförsäkringen","","Webbpublicering",""
"5217860","HC01SfU8","2024/25","SfU8","bet","bet","bet","","SfU","","8","2024-11-21 00:00:00","2024-12-12 00:48:29","Anmälan av föreskrifter om tillfälligt skydd","","Webbpublicering",""
"5217858","HC01SfU9","2024/25","SfU9","bet","bet","bet","","SfU","","9","2024-12-05 00:00:00","2025-03-06 16:12:15","Uppgifter som ska lämnas i samband med arbetsgivardeklarationen","","Webbpublicering",""
"5218718","HC01SkU1","2024/25","SkU1","bet","bet","bet","","SkU","","1","2024-11-28 00:00:00","2026-04-20 15:10:27","Utgiftsområde 3 Skatt, tull och exekution","","Webbpublicering",""
"5228662","HC01SkU10","2024/25","SkU10","bet","bet","bet","","SkU","","10","2025-02-19 00:00:00","2025-05-16 13:52:55","Riksrevisionens rapport om fastställande av identitet vid statliga myndigheter","","Webbpublicering",""
"5225220","HC01SkU11","2024/25","SkU11","bet","bet","bet","","SkU","","11","2025-01-22 00:00:00","2025-06-17 10:18:35","Sänkt alkoholskatt för öl från oberoende småbryggerier","","Webbpublicering",""
"5237079","HC01SkU12","2024/25","SkU12","bet","bet","bet","","SkU","","12","2025-03-27 00:00:00","2026-04-20 15:01:13","Skatteförfarande, folkbokföring och tull","","Webbpublicering",""
"5237080","HC01SkU13","2024/25","SkU13","bet","bet","bet","","SkU","","13","2025-04-01 00:00:00","2026-04-20 14:58:35","Företag, kapital och fastighet","","Webbpublicering",""
"5237081","HC01SkU14","2024/25","SkU14","bet","bet","bet","","SkU","","14","2025-04-23 00:00:00","2025-09-05 14:40:06","Mervärdesskatt","","Webbpublicering",""
"5237082","HC01SkU15","2024/25","SkU15","bet","bet","bet","","SkU","","15","2025-04-08 00:00:00","2025-08-22 14:54:35","Punktskatt","","Webbpublicering",""
"5235754","HC01SkU16","2024/25","SkU16","bet","bet","bet","","SkU","","16","2025-03-27 00:00:00","2025-06-17 10:23:20","Godkännanden och medgivanden inom punktskatteområdet vid konkurs","","Webbpublicering",""
"5234615","HC01SkU17","2024/25","SkU17","bet","bet","bet","","SkU","","17","2025-05-08 00:00:00","2026-04-20 14:55:03","Förändrade skattesubventioner för solceller och mikroproduktion av el","","Webbpublicering",""
"5246069","HC01SkU18","2024/25","SkU18","bet","bet","bet","","SkU","","18","2025-06-16 00:00:00","2025-09-18 09:48:12","Godkännande för F-skatt - nya hinder och återkallelsegrunder","","Webbpublicering",""
"5240674","HC01SkU19","2024/25","SkU19","bet","bet","bet","","SkU","","19","2025-05-13 00:00:00","2025-09-19 14:48:29","Justering i lagen om särskild inkomstskatt för utomlands bosatta","","Webbpublicering",""
"5211285","HC01SkU2","2024/25","SkU2","bet","bet","bet","","SkU","","2","2024-09-27 00:00:00","2024-12-13 16:02:22","Ny tullbefogenhetslag","","Webbpublicering",""
"5239265","HC01SkU20","2024/25","SkU20","bet","bet","bet","","SkU","","20","2025-05-13 00:00:00","2025-09-19 14:48:31","Slopad stämpelskatt vid inteckning i skepp","","Webbpublicering",""
"5240673","HC01SkU21","2024/25","SkU21","bet","bet","bet","","SkU","","21","2025-05-22 00:00:00","2025-10-09 16:28:08","Skärpta åtgärder mot utförsel av stöldgods","","Webbpublicering",""
"5246067","HC01SkU22","2024/25","SkU22","bet","bet","bet","","SkU","","22","2025-06-10 00:00:00","2025-10-29 17:02:49","Redovisning av skatteutgifter 2025","","Webbpublicering",""
"5216369","HC01SkU3","2024/25","SkU3","bet","bet","bet","","SkU","","3","2024-09-26 00:00:00","2024-12-20 15:39:45","Nya regler om mervärdesskatt för små företag och ändrade regler för vissa tjänster och konstverk","","Webbpublicering",""
"5216370","HC01SkU4","2024/25","SkU4","bet","bet","bet","","SkU","","4","2024-10-15 00:00:00","2025-06-17 10:10:35","Flexiblare regler för utbetalning från pensionsförsäkring och pensionssparkonto","","Webbpublicering",""
"5218887","HC01SkU5","2024/25","SkU5","bet","bet","bet","","SkU","","5","2024-10-23 00:00:00","2024-11-06 09:30:22","Justeringar vad gäller det automatiska utbytet av upplysningar om finansiella konton","","Webbpublicering",""
"5222532","HC01SkU6","2024/25","SkU6","bet","bet","bet","","SkU","","6","2024-11-28 00:00:00","2026-04-20 15:10:27","Kompletteringar till bestämmelserna om tilläggsskatt för företag i stora koncerner","","Webbpublicering",""
"5225217","HC01SkU7","2024/25","SkU7","bet","bet","bet","","SkU","","7","2025-01-22 00:00:00","2025-02-14 01:18:09","Teknisk översyn av vissa indexeringsbestämmelser på punktskatteområdet","","Webbpublicering",""
"5225218","HC01SkU8","2024/25","SkU8","bet","bet","bet","","SkU","","8","2024-12-03 00:00:00","2024-12-12 00:48:30","Suspension av skatteavtalet med Ryssland","","Webbpublicering",""
"5237078","HC01SkU9","2024/25","SkU9","bet","bet","bet","","SkU","","9","2025-03-20 00:00:00","2025-06-27 14:18:20","Inkomstskatt","","Webbpublicering",""
"5219773","HC01SoU1","2024/25","SoU1","bet","bet","bet","","SoU","","1","2024-12-04 00:00:00","2025-03-06 16:08:49","Utgiftsområde 9 Hälsovård, sjukvård och social omsorg","","Webbpublicering",""
"5222475","HC01SoU10","2024/25","SoU10","bet","bet","bet","","SoU","","10","2025-01-23 00:00:00","2025-02-14 01:18:09","Riksrevisionens rapport om statens arbete med informationssäkerhet i vård och omsorg","","Webbpublicering",""
"5223869","HC01SoU11","2024/25","SoU11","bet","bet","bet","","SoU","","11","2025-02-05 00:00:00","2025-04-11 15:04:38","Riksrevisionens rapport om Sis särskilda ungdomshem","","Webbpublicering",""
"5228288","HC01SoU12","2024/25","SoU12","bet","bet","bet","","SoU","","12","2025-01-23 00:00:00","2025-03-28 14:07:34","Folkhälsa","","Webbpublicering",""
"5225505","HC01SoU13","2024/25","SoU13","bet","bet","bet","","SoU","","13","2025-01-23 00:00:00","2025-03-28 14:07:36","Alkohol, narkotika, dopning, tobak och spel","","Webbpublicering",""
"5225506","HC01SoU14","2024/25","SoU14","bet","bet","bet","","SoU","","14","2025-02-03 00:00:00","2025-04-11 15:04:38","Läkemedel och tandvård","","Webbpublicering",""
"5228289","HC01SoU15","2024/25","SoU15","bet","bet","bet","","SoU","","15","2025-03-10 00:00:00","2025-06-05 18:47:04","Stöd till personer med funktionsnedsättning","","Webbpublicering",""
"5225950","HC01SoU16","2024/25","SoU16","bet","bet","bet","","SoU","","16","2025-06-04 00:00:00","2025-10-24 14:39:36","Hälso- och sjukvårdens organisation","","Webbpublicering",""
"5228291","HC01SoU17","2024/25","SoU17","bet","bet","bet","","SoU","","17","2025-04-11 00:00:00","2025-08-22 14:54:37","Prioriteringar inom hälso- och sjukvården","","Webbpublicering",""
"5225507","HC01SoU18","2024/25","SoU18","bet","bet","bet","","SoU","","18","2025-01-28 00:00:00","2025-04-11 15:04:40","Socialtjänstens arbete","","Webbpublicering",""
"5228293","HC01SoU19","2024/25","SoU19","bet","bet","bet","","SoU","","19","2025-02-27 00:00:00","2025-06-05 18:55:34","Barn och unga inom socialtjänsten","","Webbpublicering",""
"5207713","HC01SoU2","2024/25","SoU2","bet","bet","bet","","SoU","","2","2024-10-04 00:00:00","2024-12-20 15:39:45","Riksrevisionens rapport om läkemedelsförskrivningen – statens styrning och tillsyn","","Webbpublicering",""
"5228294","HC01SoU20","2024/25","SoU20","bet","bet","bet","","SoU","","20","2025-03-12 00:00:00","2025-06-05 18:55:41","Socialtjänstens ansvar för våldsutsatta m.m.","","Webbpublicering",""
"5228295","HC01SoU21","2024/25","SoU21","bet","bet","bet","","SoU","","21","2025-02-26 00:00:00","2025-06-05 18:47:05","Äldreomsorg","","Webbpublicering",""
"5228298","HC01SoU22","2024/25","SoU22","bet","bet","bet","","SoU","","22","2025-04-02 00:00:00","2025-07-04 14:30:20","Kompetensförsörjning, e-hälsa och beredskap","","Webbpublicering",""
"5228299","HC01SoU23","2024/25","SoU23","bet","bet","bet","","SoU","","23","2025-05-20 00:00:00","2025-09-26 14:53:20","En förebyggande socialtjänstlag – för ökade rättigheter, skyldigheter och möjligheter","","Webbpublicering",""
"5228300","HC01SoU24","2024/25","SoU24","bet","bet","bet","","SoU","","24","2025-04-15 00:00:00","2026-04-20 14:56:55","Bättre förutsättningar för besöksnäringen i fråga om småskalig produktion av alkoholdrycker","","Webbpublicering",""
"5228262","HC01SoU25","2024/25","SoU25","bet","bet","bet","","SoU","","25","2024-12-17 00:00:00","2025-01-15 21:07:31","Infektion med marburgvirus och ändring i smittskyddslagen","","Webbpublicering",""
"5230882","HC01SoU26","2024/25","SoU26","bet","bet","bet","","SoU","","26","2025-04-04 00:00:00","2025-04-10 23:36:48","Nya anpassningar till EU:s förordningar om medicinteknik","","Webbpublicering",""
"5230887","HC01SoU27","2024/25","SoU27","bet","bet","bet","","SoU","","27","2025-05-15 00:00:00","2025-10-09 16:18:21","Uppdaterat högkostnadsskydd för läkemedel","","Webbpublicering",""
"5230890","HC01SoU28","2024/25","SoU28","bet","bet","bet","","SoU","","28","2025-05-22 00:00:00","2025-06-11 14:18:58","Begränsad tillgång till lustgas","","Webbpublicering",""
"5230893","HC01SoU29","2024/25","SoU29","bet","bet","bet","","SoU","","29","2025-06-11 00:00:00","2025-10-29 17:02:36","Ett fritidskort för barn och unga – en aktiv och meningsfull fritid i gemenskap med andra","","Webbpublicering",""
"5209956","HC01SoU3","2024/25","SoU3","bet","bet","bet","","SoU","","3","2024-10-28 00:00:00","2024-11-06 09:30:43","En registerlag för Myndigheten för vård- och omsorgsanalys","","Webbpublicering",""
"5248063","HC01SoU30","2024/25","SoU30","bet","utl","bet","","SoU","","30","2025-06-10 00:00:00","2025-06-18 01:45:33","Subsidiaritetsprövning av kommissionens förslag till förordning om kritiska läkemedel","","Webbpublicering",""
"5217237","HC01SoU4","2024/25","SoU4","bet","bet","bet","","SoU","","4","2024-11-14 00:00:00","2025-01-31 13:59:08","Ändrad åldersgräns för avgiftsfri tandvård","","Webbpublicering",""
"5221658","HC01SoU5","2024/25","SoU5","bet","bet","bet","","SoU","","5","2024-11-28 00:00:00","2026-04-20 15:10:25","Avskildhet i anslutning till dygnsvilan – för ökad trygghet och säkerhet på särskilda ungdomshem","","Webbpublicering",""
"5217238","HC01SoU6","2024/25","SoU6","bet","bet","bet","","SoU","","6","2024-11-18 00:00:00","2024-11-27 22:40:05","Redovisning av fördelning av medel från Allmänna arvsfonden under budgetåret 2023","","Webbpublicering",""
"5230986","HC01SoU7","2024/25","SoU7","bet","bet","bet","","SoU","","7","2025-05-20 00:00:00","2025-10-29 17:02:35","Det handlar om livet – nationell strategi inom området psykisk hälsa och suicidprevention","","Webbpublicering",""
"5218311","HC01SoU8","2024/25","SoU8","bet","bet","bet","","SoU","","8","2024-12-13 00:00:00","2025-03-21 15:38:28","Riksrevisionens rapport om Allmänna arvsfonden","","Webbpublicering",""
"5218312","HC01SoU9","2024/25","SoU9","bet","bet","bet","","SoU","","9","2024-12-18 00:00:00","2025-03-21 15:38:30","Riksrevisionens rapport om statens insatser för att stärka efterlevnaden av barnkonventionen","","Webbpublicering",""
"5217548","HC01TU1","2024/25","TU1","bet","bet","bet","","TU","","1","2024-12-04 00:00:00","2025-03-06 16:12:19","Utgiftsområde 22 Kommunikationer","","Webbpublicering",""
"5234503","HC01TU10","2024/25","TU10","bet","bet","bet","","TU","","10","2025-03-04 00:00:00","2025-06-05 18:55:33","Cykelfrågor","","Webbpublicering",""
"5235121","HC01TU11","2024/25","TU11","bet","bet","bet","","TU","","11","2025-03-27 00:00:00","2026-04-20 15:01:17","Vägtrafik- och fordonsfrågor","","Webbpublicering",""
"5235122","HC01TU12","2024/25","TU12","bet","bet","bet","","TU","","12","2025-04-29 00:00:00","2025-09-05 14:40:06","Digitaliserings- och postfrågor","","Webbpublicering",""
"5235123","HC01TU13","2024/25","TU13","bet","bet","bet","","TU","","13","2025-05-15 00:00:00","2025-09-26 14:53:33","Luftfartsfrågor","","Webbpublicering",""
"5235124","HC01TU14","2024/25","TU14","bet","bet","bet","","TU","","14","2025-05-27 00:00:00","2025-10-09 16:28:09","Trafiksäkerhet","","Webbpublicering",""
"5235125","HC01TU15","2024/25","TU15","bet","bet","bet","","TU","","15","2025-06-11 00:00:00","2025-10-29 17:02:39","Sjöfartsfrågor","","Webbpublicering",""
"5234518","HC01TU16","2024/25","TU16","bet","bet","bet","","TU","","16","2025-05-16 00:00:00","2025-05-22 02:50:41","Lagändringar till följd av ändrade EU-regler om utsläppsfria tunga fordon","","Webbpublicering",""
"5234520","HC01TU17","2024/25","TU17","bet","bet","bet","","TU","","17","2025-05-15 00:00:00","2025-05-22 02:50:41","Ändringar i lagen om hamnskydd","","Webbpublicering",""
"5217565","HC01TU2","2024/25","TU2","bet","bet","bet","","TU","","2","2024-10-16 00:00:00","2025-08-18 11:32:30","Två frågor om taxi – prisuppgiftsskyldigheten och ålderskravet för taxiförarlegitimation","","Webbpublicering",""
"5217566","HC01TU3","2024/25","TU3","bet","bet","bet","","TU","","3","2024-10-16 00:00:00","2024-10-23 18:05:22","Kompletterande bestämmelser till EU-förordningen om utbyggnad av infrastruktur för alternativa drivmedel","","Webbpublicering",""
"5217568","HC01TU4","2024/25","TU4","bet","bet","bet","","TU","","4","2024-10-29 00:00:00","2025-08-12 16:22:34","En effektivare och mer rättssäker klampning","","Webbpublicering",""
"5221895","HC01TU5","2024/25","TU5","bet","bet","bet","","TU","","5","2024-12-06 00:00:00","2025-03-06 16:12:21","Infrastrukturfrågor","","Webbpublicering",""
"5224376","HC01TU6","2024/25","TU6","bet","bet","bet","","TU","","6","2025-02-20 00:00:00","2025-05-16 13:49:48","Järnvägs- och kollektivtrafikfrågor","","Webbpublicering",""
"5228223","HC01TU7","2024/25","TU7","bet","bet","bet","","TU","","7","2025-02-20 00:00:00","2025-05-16 13:49:55","Riksrevisionens rapport om bildandet av Svevia och Infranord","","Webbpublicering",""
"5230514","HC01TU8","2024/25","TU8","bet","bet","bet","","TU","","8","2025-02-11 00:00:00","2025-08-18 11:33:36","Kompletterande bestämmelser till EU:s förordning om användning av förnybara och koldioxidsnåla bränslen för sjötransport","","Webbpublicering",""
"5234500","HC01TU9","2024/25","TU9","bet","bet","bet","","TU","","9","2025-03-25 00:00:00","2026-04-20 15:01:16","Yrkestrafik och taxi","","Webbpublicering",""
"5218989","HC01UbU1","2024/25","UbU1","bet","bet","bet","","UbU","","1","2024-12-04 00:00:00","2025-03-14 15:05:05","Utgiftsområde 16 Utbildning och universitetsforskning","","Webbpublicering",""
"5235233","HC01UbU10","2024/25","UbU10","bet","bet","bet","","UbU","","10","2025-05-06 00:00:00","2025-09-12 14:46:22","Grundläggande om utbildning","","Webbpublicering",""
"5235234","HC01UbU11","2024/25","UbU11","bet","bet","bet","","UbU","","11","2025-05-27 00:00:00","2025-10-09 16:28:07","Lärare och elever","","Webbpublicering",""
"5230551","HC01UbU12","2024/25","UbU12","bet","bet","bet","","UbU","","12","2025-02-25 00:00:00","2026-04-20 15:04:49","Gymnasieskolan","","Webbpublicering",""
"5234846","HC01UbU13","2024/25","UbU13","bet","bet","bet","","UbU","","13","2025-04-11 00:00:00","2026-04-20 14:56:57","Vuxenutbildning","","Webbpublicering",""
"5235235","HC01UbU14","2024/25","UbU14","bet","bet","bet","","UbU","","14","2025-06-05 00:00:00","2026-04-20 14:52:11","Högskolan","","Webbpublicering",""
"5229149","HC01UbU15","2024/25","UbU15","bet","bet","bet","","UbU","","15","2025-05-21 00:00:00","2025-10-09 16:15:44","Forskning och innovation för framtid, nyfikenhet och nytta","","Webbpublicering",""
"5237040","HC01UbU16","2024/25","UbU16","bet","bet","bet","","UbU","","16","2025-04-11 00:00:00","2025-05-08 01:39:36","Sveriges tillträde till konventionen om upprättande av Square Kilometre Array Observatory","","Webbpublicering",""
"5237041","HC01UbU17","2024/25","UbU17","bet","bet","bet","","UbU","","17","2025-06-09 00:00:00","2025-10-29 17:02:50","En tioårig grundskola","","Webbpublicering",""
"5237043","HC01UbU18","2024/25","UbU18","bet","bet","bet","","UbU","","18","2025-05-08 00:00:00","2025-05-22 21:12:59","Ett mer sammanhållet borgenärsansvar för Centrala studiestödsnämnden","","Webbpublicering",""
"5237044","HC01UbU19","2024/25","UbU19","bet","bet","bet","","UbU","","19","2025-06-09 00:00:00","2025-06-18 01:45:33","Riksrevisionens rapport om tredjelandsstudenter i högskolan","","Webbpublicering",""
"5217236","HC01UbU2","2024/25","UbU2","bet","bet","bet","","UbU","","2","2024-12-04 00:00:00","2025-03-06 16:12:30","Utgiftsområde 15 Studiestöd","","Webbpublicering",""
"5237045","HC01UbU20","2024/25","UbU20","bet","bet","bet","","UbU","","20","2025-06-03 00:00:00","2025-06-18 21:27:54","Stiftelsen Riksbankens Jubileumsfonds verksamhet och årsredovisning 2024","","Webbpublicering",""
"5243317","HC01UbU21","2024/25","UbU21","bet","bet","bet","","UbU","","21","2025-05-23 00:00:00","2025-10-09 16:28:05","Skolor mot brott","","Webbpublicering",""
"5218984","HC01UbU3","2024/25","UbU3","bet","bet","bet","","UbU","","3","2024-11-15 00:00:00","2025-01-31 13:57:37","Stärkta skolbibliotek","","Webbpublicering",""
"5218986","HC01UbU4","2024/25","UbU4","bet","bet","bet","","UbU","","4","2024-11-14 00:00:00","2024-11-20 20:51:04","Ändring av ikraftträdande av bestämmelser i skollagen om det nationella professionsprogrammet","","Webbpublicering",""
"5218987","HC01UbU5","2024/25","UbU5","bet","bet","bet","","UbU","","5","2024-11-07 00:00:00","2025-07-23 14:38:09","Ett effektivare omställningsstudiestöd","","Webbpublicering",""
"5222519","HC01UbU6","2024/25","UbU6","bet","bet","bet","","UbU","","6","2024-11-21 00:00:00","2024-11-27 22:40:06","Långsiktig reglering av vissa forskningsdatabaser","","Webbpublicering",""
"5227168","HC01UbU7","2024/25","UbU7","bet","bet","bet","","UbU","","7","2025-01-24 00:00:00","2025-03-28 14:07:25","Studiestöd","","Webbpublicering",""
"5227169","HC01UbU8","2024/25","UbU8","bet","bet","bet","","UbU","","8","2025-01-29 00:00:00","2025-04-25 14:28:43","Förskolan","","Webbpublicering",""
"5235232","HC01UbU9","2024/25","UbU9","bet","bet","bet","","UbU","","9","2025-04-23 00:00:00","2025-08-27 15:57:35","Övergripande skolfrågor","","Webbpublicering",""
"5224081","HC01UFöU1","2024/25","UFöU1","bet","bet","bet","","UFöU","","1","2024-12-05 00:00:00","2026-04-20 15:09:05","Säkerhetspolitisk inriktning – Totalförsvaret 2025–2030","","Webbpublicering",""
"5224082","HC01UFöU2","2024/25","UFöU2","bet","bet","bet","","UFöU","","2","2024-12-06 00:00:00","2026-04-20 15:07:54","Svenskt bidrag till Natos avskräckning och försvar under 2025","","Webbpublicering",""
"5238845","HC01UFöU3","2024/25","UFöU3","bet","bet","bet","","UFöU","","3","2025-03-18 00:00:00","2026-04-20 15:02:33","Svenskt deltagande i luftförsvarsoperation inom ramen för Nato","","Webbpublicering",""
"5222525","HC01UU1","2024/25","UU1","bet","bet","bet","","UU","","1","2024-11-28 00:00:00","2026-04-20 15:10:31","Utgiftsområde 5 Internationell samverkan","","Webbpublicering",""
"5236131","HC01UU10","2024/25","UU10","bet","bet","bet","","UU","","10","2025-05-23 00:00:00","2025-10-24 14:34:05","Verksamheten i Europeiska unionen under 2024","","Webbpublicering",""
"5236132","HC01UU11","2024/25","UU11","bet","bet","bet","","UU","","11","2025-04-04 00:00:00","2025-07-04 14:30:19","Internationellt bistånd genom multilaterala organisationer","","Webbpublicering",""
"5236133","HC01UU12","2024/25","UU12","bet","bet","bet","","UU","","12","2025-05-09 00:00:00","2025-10-24 14:51:23","Europarådet","","Webbpublicering",""
"5236134","HC01UU13","2024/25","UU13","bet","bet","bet","","UU","","13","2025-05-09 00:00:00","2026-04-20 14:54:58","Interparlamentariska unionen","","Webbpublicering",""
"5236135","HC01UU14","2024/25","UU14","bet","bet","bet","","UU","","14","2025-05-26 00:00:00","2025-10-24 14:34:04","Nordiskt samarbete inklusive Arktis","","Webbpublicering",""
"5236137","HC01UU15","2024/25","UU15","bet","bet","bet","","UU","","15","2025-03-19 00:00:00","2026-04-20 15:02:46","Situationen i Israel och Palestina m.m.","","Webbpublicering",""
"5236138","HC01UU16","2024/25","UU16","bet","bet","bet","","UU","","16","2025-05-09 00:00:00","2025-10-24 14:51:23","Organisationen för säkerhet och samarbete i Europa (OSSE)","","Webbpublicering",""
"5236139","HC01UU17","2024/25","UU17","bet","bet","bet","","UU","","17","2025-04-29 00:00:00","2025-09-05 14:39:52","Ny lag om internationella sanktioner","","Webbpublicering",""
"5236140","HC01UU18","2024/25","UU18","bet","bet","bet","","UU","","18","2025-04-30 00:00:00","2025-05-08 01:39:36","Uppsägning av avtalet med Organisationen för det globala nätverket för vattenfrågor","","Webbpublicering",""
"5242053","HC01UU19","2024/25","UU19","bet","bet","bet","","UU","","19","2025-05-30 00:00:00","2025-10-24 14:39:33","Verksamheten i Nordatlantiska fördragsorganisationen (Nato) under 2024","","Webbpublicering",""
"5222526","HC01UU2","2024/25","UU2","bet","bet","bet","","UU","","2","2024-12-10 00:00:00","2025-03-14 15:05:07","Utgiftsområde 7 Internationellt bistånd","","Webbpublicering",""
"5222527","HC01UU3","2024/25","UU3","bet","bet","bet","","UU","","3","2024-11-15 00:00:00","2025-01-31 13:57:36","Sveriges internationella bistånd – uppföljning, utvärdering och rapportering","","Webbpublicering",""
"5219225","HC01UU4","2024/25","UU4","bet","bet","bet","","UU","","4","2024-10-18 00:00:00","2025-01-17 14:53:10","Avancerat ramavtal mellan Europeiska unionen och dess medlemsstater, å ena sidan, och Republiken Chile, å andra sidan","","Webbpublicering",""
"5236126","HC01UU5","2024/25","UU5","bet","utl","bet","","UU","","5","2025-03-14 00:00:00","2025-06-05 18:55:27","Kommissionens arbetsprogram 2025","","Webbpublicering",""
"5222528","HC01UU6","2024/25","UU6","bet","bet","bet","","UU","","6","2024-11-22 00:00:00","2025-03-24 14:26:25","Nationell säkerhetsstrategi","","Webbpublicering",""
"5236128","HC01UU7","2024/25","UU7","bet","bet","bet","","UU","","7","2025-04-23 00:00:00","2025-09-05 14:44:33","Internationella relationer m.m.","","Webbpublicering",""
"5236130","HC01UU8","2024/25","UU8","bet","bet","bet","","UU","","8","2025-03-18 00:00:00","2025-08-12 11:50:13","Internationellt bistånd","","Webbpublicering",""
"5236127","HC01UU9","2024/25","UU9","bet","bet","bet","","UU","","9","2025-05-27 00:00:00","2025-10-24 14:39:33","Strategisk exportkontroll 2024 – krigsmateriel och produkter med dubbla användningsområden","","Webbpublicering",""
"5250390","HD01AU1","2025/26","AU1","bet","bet","bet","","AU","","1","2025-12-09 00:00:00","2026-03-24 16:01:04","Utgiftsområde 13 Integration och jämställdhet","","Webbpublicering",""
"5250388","HD01AU10","2025/26","AU10","bet","bet","bet","","AU","","10","2026-02-19 00:00:00","2026-05-22 14:54:16","Arbetsrätt och arbetstid","","Webbpublicering",""
"5250389","HD01AU11","2025/26","AU11","bet","bet","bet","","AU","","11","2026-03-31 00:00:00","2026-04-16 03:11:10","Jämställdhet och åtgärder mot diskriminering","","Webbpublicering",""
"5277602","HD01AU12","2025/26","AU12","bet","bet","bet","","AU","","12","2026-03-31 00:00:00","2026-04-16 03:11:10","Arbetsmiljö","","Webbpublicering",""
"5277601","HD01AU13","2025/26","AU13","bet","bet","bet","","AU","","13","2026-06-11 00:00:00","2026-06-17 10:51:06","Frihet från våld, förtryck och utnyttjande – En nationell strategi mot mäns våld mot kvinnor, våld i nära relationer, utnyttjande i prostitution och människohandel samt hedersrelaterat våld och förtryck","","Webbpublicering",""
"5277600","HD01AU14","2025/26","AU14","bet","bet","bet","","AU","","14","2026-06-04 00:00:00","2026-06-16 02:05:32","Tidsbegränsat boende för vissa nyanlända invandrare – en ny lag om bosättning","","Webbpublicering",""
"5277598","HD01AU15","2025/26","AU15","bet","bet","bet","","AU","","15","2026-04-23 00:00:00","2026-05-06 22:12:12","ILO:s konvention om avskaffande av våld och trakasserier i arbetslivet och ILO:s konvention om en säker och hälsosam arbetsmiljö","","Webbpublicering",""
"5250383","HD01AU2","2025/26","AU2","bet","bet","bet","","AU","","2","2025-12-04 00:00:00","2026-03-18 14:36:55","Utgiftsområde 14 Arbetsmarknad och arbetsliv","","Webbpublicering",""
"5238679","HD01AU3","2025/26","AU3","bet","bet","bet","","AU","","3","2025-09-25 00:00:00","2025-12-12 15:19:02","Några tillägg och förtydliganden i den nya lagen om arbetslöshetsförsäkring","","Webbpublicering",""
"5249812","HD01AU4","2025/26","AU4","bet","bet","bet","","AU","","4","2025-10-23 00:00:00","2026-01-16 16:02:08","Regler om avstängning av statligt anställda","","Webbpublicering",""
"5250384","HD01AU5","2025/26","AU5","bet","bet","bet","","AU","","5","2025-12-10 00:00:00","2026-03-27 14:41:29","Riksrevisionens rapport om statens insatser mot ekonomiskt våld i nära relationer","","Webbpublicering",""
"5250391","HD01AU6","2025/26","AU6","bet","bet","bet","","AU","","6","2026-03-10 00:00:00","2026-07-03 11:56:47","Riksrevisionens rapport om Arbetsförmedlingens stöd till personer med funktionsnedsättning, m.m.","","Webbpublicering",""
"5250385","HD01AU7","2025/26","AU7","bet","bet","bet","","AU","","7","2026-01-13 00:00:00","2026-03-12 11:19:41","Genomförande av lönetransparensdirektivet","","planerat",""
"5250386","HD01AU8","2025/26","AU8","bet","bet","bet","","AU","","8","2026-01-29 00:00:00","2026-04-30 13:59:41","Integration","","Webbpublicering",""
"5250387","HD01AU9","2025/26","AU9","bet","bet","bet","","AU","","9","2026-02-20 00:00:00","2026-05-22 14:51:39","Arbetsmarknadspolitik och arbetslöshetsförsäkringen","","Webbpublicering",""
"5253944","HD01CU1","2025/26","CU1","bet","bet","bet","","CU","","1","2025-12-04 00:00:00","2026-03-06 14:13:13","Utgiftsområde 18 Samhällsplanering, bostadsförsörjning och byggande samt konsumentpolitik","","Webbpublicering",""
"5272336","HD01CU10","2025/26","CU10","bet","bet","bet","","CU","","10","2026-02-09 00:00:00","2026-05-22 14:38:12","Ett förbättrat resegarantisystem","","Webbpublicering",""
"5277417","HD01CU11","2025/26","CU11","bet","bet","bet","","CU","","11","2026-03-06 00:00:00","2026-07-03 11:36:28","Ett stärkt konsumentskydd vid distansavtal","","Webbpublicering",""
"5272329","HD01CU12","2025/26","CU12","bet","bet","bet","","CU","","12","2026-01-23 00:00:00","2026-04-24 14:56:03","Familjerätt","","Webbpublicering",""
"5252769","HD01CU13","2025/26","CU13","bet","bet","bet","","CU","","13","2026-01-23 00:00:00","2026-04-24 14:56:03","Fastighetsrätt","","Webbpublicering",""
"5252771","HD01CU14","2025/26","CU14","bet","bet","bet","","CU","","14","2026-03-06 00:00:00","2026-07-03 11:36:29","Hyresrätt m.m.","","Webbpublicering",""
"5272330","HD01CU15","2025/26","CU15","bet","bet","bet","","CU","","15","2026-02-09 00:00:00","2026-05-22 14:38:12","Ersättningsrätt samt insolvens- och utsökningsrätt","","Webbpublicering",""
"5272337","HD01CU16","2025/26","CU16","bet","bet","bet","","CU","","16","2026-03-06 00:00:00","2026-07-03 11:36:43","Associationsrätt","","Webbpublicering",""
"5272331","HD01CU17","2025/26","CU17","bet","bet","bet","","CU","","17","2026-03-27 00:00:00","2026-04-01 21:50:39","Konsumenträtt m.m.","","Webbpublicering",""
"5272332","HD01CU18","2025/26","CU18","bet","bet","bet","","CU","","18","2026-03-27 00:00:00","2026-04-01 21:50:39","Bostadspolitik","","Webbpublicering",""
"5272333","HD01CU19","2025/26","CU19","bet","bet","bet","","CU","","19","2026-02-09 00:00:00","2026-05-22 14:47:17","Planering och byggande","","Webbpublicering",""
"5247682","HD01CU2","2025/26","CU2","bet","bet","bet","","CU","","2","2025-10-17 00:00:00","2026-01-08 16:39:10","Ett nytt regelverk för bygglov","","Webbpublicering",""
"5272334","HD01CU20","2025/26","CU20","bet","bet","bet","","CU","","20","2026-02-20 00:00:00","2026-05-22 14:54:14","Hushållningen med mark- och vattenområden","","Webbpublicering",""
"5272335","HD01CU21","2025/26","CU21","bet","bet","bet","","CU","","21","2026-02-27 00:00:00","2026-05-29 14:38:47","Elektronisk inlämning av bouppteckningar","","Webbpublicering",""
"5277306","HD01CU22","2025/26","CU22","bet","bet","bet","","CU","","22","2026-04-17 00:00:00","2026-04-22 20:54:20","Ett ställföreträdarskap att lita på","","Webbpublicering",""
"5276920","HD01CU23","2025/26","CU23","bet","bet","bet","","CU","","23","2026-04-09 00:00:00","2026-04-16 03:11:13","Sysselsättning och boende på landsbygden","","Webbpublicering",""
"5281636","HD01CU24","2025/26","CU24","bet","bet","bet","","CU","","24","2026-04-24 00:00:00","2026-05-20 22:32:25","Effektiv och säker byggprocess","","Webbpublicering",""
"5284462","HD01CU25","2025/26","CU25","bet","bet","bet","","CU","","25","2026-05-06 00:00:00","2026-05-12 14:21:19","En snabbare utbyggnad av kriminalvårdsanstalter och häkten","","Webbpublicering",""
"5281637","HD01CU26","2025/26","CU26","bet","bet","bet","","CU","","26","2026-05-22 00:00:00","2026-05-27 23:22:36","En ny konsumentkreditlag","","Webbpublicering",""
"5279778","HD01CU27","2025/26","CU27","bet","bet","bet","","CU","","27","2026-04-17 00:00:00","2026-04-22 20:54:22","Identitetskrav vid lagfart och åtgärder mot kringgåenden av bostadsrättslagen","","Webbpublicering",""
"5280572","HD01CU28","2025/26","CU28","bet","bet","bet","","CU","","28","2026-04-17 00:00:00","2026-04-22 20:54:13","Ett register för alla bostadsrätter","","Webbpublicering",""
"5281632","HD01CU29","2025/26","CU29","bet","bet","bet","","CU","","29","2026-04-23 00:00:00","2026-04-29 22:49:44","Ökade möjligheter till hemmaladdning av elfordon","","Webbpublicering",""
"5247683","HD01CU3","2025/26","CU3","bet","bet","bet","","CU","","3","2025-10-24 00:00:00","2026-01-16 16:02:12","Riksrevisionens rapport om tillgången till kommunalt vatten och avlopp","","Webbpublicering",""
"5281638","HD01CU30","2025/26","CU30","bet","bet","bet","","CU","","30","2026-05-12 00:00:00","2026-05-20 22:32:33","Nytt mål för effektiv energianvändning och genomförande av det omarbetade direktivet om byggnaders energiprestanda","","Webbpublicering",""
"5281639","HD01CU31","2025/26","CU31","bet","bet","bet","","CU","","31","2026-05-08 00:00:00","2026-05-20 22:32:33","En mer flexibel hyresmarknad","","Webbpublicering",""
"5281641","HD01CU32","2025/26","CU32","bet","bet","bet","","CU","","32","2026-05-19 00:00:00","2026-05-27 00:12:43","Lag om hyrköp av bostad","","Webbpublicering",""
"5281634","HD01CU33","2025/26","CU33","bet","bet","bet","","CU","","33","2026-05-19 00:00:00","2026-05-27 00:12:43","Förbud mot kusinäktenskap och äktenskap mellan andra nära släktingar","","Webbpublicering",""
"5281642","HD01CU34","2025/26","CU34","bet","bet","bet","","CU","","34","2026-05-08 00:00:00","2026-05-20 22:32:35","Ändamålsenliga utmätningsregler och utökad distansutmätning","","Webbpublicering",""
"5281635","HD01CU35","2025/26","CU35","bet","bet","bet","","CU","","35","2026-05-07 00:00:00","2026-05-20 22:32:25","Nya regler om aktier på MTF-plattformar","","Webbpublicering",""
"5281643","HD01CU36","2025/26","CU36","bet","bet","bet","","CU","","36","2026-05-21 00:00:00","2026-05-27 00:12:43","Lag om avgift för områdessamverkan","","Webbpublicering",""
"5281644","HD01CU37","2025/26","CU37","bet","bet","bet","","CU","","37","2026-04-29 00:00:00","2026-05-07 13:38:19","Kommunala hyresgarantier för en socialt hållbar bostadsförsörjning","","Webbpublicering",""
"5281645","HD01CU38","2025/26","CU38","bet","bet","bet","","CU","","38","2026-05-26 00:00:00","2026-06-03 22:23:51","Ersättningsregler med brottsoffret i fokus","","Webbpublicering",""
"5281646","HD01CU39","2025/26","CU39","bet","bet","bet","","CU","","39","2026-05-19 00:00:00","2026-05-27 00:12:43","Förenklade regler vid ändring av en byggnad","","Webbpublicering",""
"5251107","HD01CU4","2025/26","CU4","bet","bet","bet","","CU","","4","2025-11-14 00:00:00","2026-02-06 10:54:45","Utvidgade möjligheter att meddela näringsförbud på grund av brott","","Webbpublicering",""
"5281648","HD01CU40","2025/26","CU40","bet","bet","bet","","CU","","40","2026-06-04 00:00:00","2026-06-17 23:57:08","Krav på kommunala lantmäterimyndigheters ärendehanteringssystem","","Webbpublicering",""
"5281649","HD01CU41","2025/26","CU41","bet","bet","bet","","CU","","41","2026-05-21 00:00:00","2026-05-27 00:12:43","Undantag från krav enligt art- och habitatdirektivet vid vattenkraftens omprövning","","Webbpublicering",""
"5279776","HD01CU42","2025/26","CU42","bet","bet","bet","","CU","","42","2026-04-17 00:00:00","2026-04-22 20:54:24","Riksrevisionens rapport om statens insatser vid hantering av dödsbon","","Webbpublicering",""
"5281650","HD01CU43","2025/26","CU43","bet","bet","bet","","CU","","43","2026-06-04 00:00:00","2026-06-10 13:45:50","Riksrevisionens rapport om statens insatser för trygga bostadsaffärer","","Webbpublicering",""
"5283608","HD01CU44","2025/26","CU44","bet","utl","bet","","CU","","44","2026-06-04 00:00:00","2026-06-10 13:45:51","Subsidiaritetsprövning av kommissionens förslag till förordning om den 28:e ordningens bolagsregelverk ”EU Inc.”","","Webbpublicering",""
"5250016","HD01CU5","2025/26","CU5","bet","bet","bet","","CU","","5","2025-11-14 00:00:00","2026-02-06 10:54:46","En förbättrad modell för presumtionshyra","","Webbpublicering",""
"5251435","HD01CU6","2025/26","CU6","bet","bet","bet","","CU","","6","2025-11-20 00:00:00","2026-02-06 11:00:15","Ett mer heltäckande straffansvar vid angrepp på företagshemligheter","","Webbpublicering",""
"5271477","HD01CU7","2025/26","CU7","bet","bet","bet","","CU","","7","2026-01-23 00:00:00","2026-01-29 00:16:37","Anpassningar till EU:s nya byggproduktförordning","","Webbpublicering",""
"5252772","HD01CU8","2025/26","CU8","bet","bet","bet","","CU","","8","2025-11-20 00:00:00","2026-02-06 11:00:16","Uppskjutet krav på att hållbarhetsrapportera för vissa företag","","Webbpublicering",""
"5271476","HD01CU9","2025/26","CU9","bet","bet","bet","","CU","","9","2026-02-27 00:00:00","2026-03-12 02:19:07","Juridiska personers förvärv av lantbruksegendom genom testamente","","Webbpublicering",""
"5243786","HD01FiU1","2025/26","FiU1","bet","bet","bet","","FiU","","1","2025-11-21 00:00:00","2026-02-06 11:02:32","Statens budget 2026 - Rambeslutet","","Webbpublicering",""
"5243794","HD01FiU10","2025/26","FiU10","bet","bet","bet","","FiU","","10","2025-12-17 00:00:00","2025-12-18 14:07:38","Statens budget för 2026","","Webbpublicering",""
"5243796","HD01FiU11","2025/26","FiU11","bet","bet","bet","","FiU","","11","2025-11-20 00:00:00","2025-12-08 11:35:39","Höständringsbudget för 2025","","Webbpublicering",""
"5244136","HD01FiU12","2025/26","FiU12","bet","bet","bet","","FiU","","12","2025-11-13 00:00:00","2026-02-06 10:54:54","Ett effektivt straffrättsligt skydd för statliga stöd till företag","","Webbpublicering",""
"5251213","HD01FiU13","2025/26","FiU13","bet","bet","bet","","FiU","","13","2025-11-20 00:00:00","2025-11-26 20:33:37","Finansiering av BIS Innovation Hub Nordic Centre","","Webbpublicering",""
"5251238","HD01FiU14","2025/26","FiU14","bet","bet","bet","","FiU","","14","2026-02-05 00:00:00","2026-05-22 14:38:03","Det finanspolitiska ramverket","","Webbpublicering",""
"5251697","HD01FiU15","2025/26","FiU15","bet","bet","bet","","FiU","","15","2026-02-26 00:00:00","2026-03-12 02:19:07","Riksrevisionens rapport om avgiftsbelagda tjänster","","Webbpublicering",""
"5253185","HD01FiU16","2025/26","FiU16","bet","utl","bet","","FiU","","16","2025-10-14 00:00:00","2025-10-22 22:07:07","Subsidiaritetsprövning av kommissionens förslag till nytt system för Europeiska unionens egna medel för perioden 2028 och framåt","","Webbpublicering",""
"5271456","HD01FiU17","2025/26","FiU17","bet","bet","bet","","FiU","","17","2025-12-11 00:00:00","2026-01-15 01:59:09","Straffansvar för olovlig finansiell verksamhet","","Webbpublicering",""
"5272872","HD01FiU18","2025/26","FiU18","bet","bet","bet","","FiU","","18","2026-02-26 00:00:00","2026-03-12 02:19:07","Riksrevisionens rapport om statens användning och anskaffning av kontorslokaler","","Webbpublicering",""
"5274135","HD01FiU19","2025/26","FiU19","bet","bet","bet","","FiU","","19","2026-02-26 00:00:00","2026-07-03 11:36:23","Riksrevisionens rapport om statens arbete med Agenda 2030","","Webbpublicering",""
"5243788","HD01FiU2","2025/26","FiU2","bet","bet","bet","","FiU","","2","2025-12-11 00:00:00","2026-03-24 16:06:52","Utgiftsområde 2 Samhällsekonomi och finansförvaltning","","Webbpublicering",""
"5251465","HD01FiU20","2025/26","FiU20","bet","bet","bet","","FiU","","20","2026-06-04 00:00:00","2026-06-09 20:55:32","Riktlinjer för den ekonomiska politiken och budgetpolitiken","","Webbpublicering",""
"5251466","HD01FiU21","2025/26","FiU21","bet","bet","bet","","FiU","","21","2026-06-04 00:00:00","2026-06-09 20:55:32","Vårändringsbudget för 2026","","Webbpublicering",""
"5251239","HD01FiU22","2025/26","FiU22","bet","bet","bet","","FiU","","22","2026-03-12 00:00:00","2026-07-03 11:53:22","Finansiell stabilitet och finansmarknadsfrågor","","Webbpublicering",""
"5251467","HD01FiU23","2025/26","FiU23","bet","bet","bet","","FiU","","23","2026-04-23 00:00:00","2026-04-29 22:49:44","Riksbankens verksamhet och förvaltning 2025","","Webbpublicering",""
"5251580","HD01FiU24","2025/26","FiU24","bet","bet","bet","","FiU","","24","2026-06-11 00:00:00","2026-06-17 23:57:07","Uppföljning och utvärdering av Riksbankens penningpolitik 2025","","Webbpublicering",""
"5251240","HD01FiU25","2025/26","FiU25","bet","bet","bet","","FiU","","25","2026-03-12 00:00:00","2026-07-03 12:04:07","Statlig förvaltning och statistikfrågor","","Webbpublicering",""
"5251241","HD01FiU26","2025/26","FiU26","bet","bet","bet","","FiU","","26","2026-03-12 00:00:00","2026-07-03 11:53:24","Kommunala frågor","","Webbpublicering",""
"5251583","HD01FiU27","2025/26","FiU27","bet","bet","bet","","FiU","","27","2026-06-11 00:00:00","2026-06-17 23:57:07","Utvärdering av svensk penningpolitik 2015–2024","","Webbpublicering",""
"5274413","HD01FiU28","2025/26","FiU28","bet","bet","bet","","FiU","","28","2026-03-19 00:00:00","2026-07-03 12:10:52","Riksrevisionens rapport om arbetsrättsliga villkor i offentlig upphandling","","Webbpublicering",""
"5276347","HD01FiU29","2025/26","FiU29","bet","bet","bet","","FiU","","29","2026-02-05 00:00:00","2026-05-22 14:30:03","Nya regler för att underlätta noteringar av värdepapper","","Webbpublicering",""
"5243789","HD01FiU3","2025/26","FiU3","bet","bet","bet","","FiU","","3","2025-12-11 00:00:00","2026-03-24 16:06:54","Utgiftsområde 25 Allmänna bidrag till kommuner","","Webbpublicering",""
"5251582","HD01FiU30","2025/26","FiU30","bet","bet","bet","","FiU","","30","2026-06-04 00:00:00","2026-06-09 20:55:32","Årsredovisning för staten 2025","","Webbpublicering",""
"5278316","HD01FiU31","2025/26","FiU31","bet","bet","bet","","FiU","","31","2026-05-07 00:00:00","2026-05-20 22:32:25","Riksrevisionens rapport om statens fastighetsförvaltning","","Webbpublicering",""
"5278382","HD01FiU32","2025/26","FiU32","bet","bet","bet","","FiU","","32","2026-02-26 00:00:00","2026-03-04 21:49:33","Kompletterande bestämmelser till EU:s förordning om hållbarhetsbetyg","","Webbpublicering",""
"5278532","HD01FiU33","2025/26","FiU33","bet","bet","bet","","FiU","","33","2026-03-24 00:00:00","2026-04-01 21:50:35","Uppgiftsskyldighet för vissa e-legitimationsföretag","","Webbpublicering",""
"5251243","HD01FiU34","2025/26","FiU34","bet","bet","bet","","FiU","","34","2026-03-12 00:00:00","2026-07-03 12:04:08","Offentlig upphandling","","Webbpublicering",""
"5278543","HD01FiU35","2025/26","FiU35","bet","bet","bet","","FiU","","35","2026-03-17 00:00:00","2026-03-27 02:33:17","Utlämnande av uppgifter ur registret över verkliga huvudmän","","Webbpublicering",""
"5278545","HD01FiU36","2025/26","FiU36","bet","bet","bet","","FiU","","36","2026-03-03 00:00:00","2026-05-29 14:35:24","Utveckling av makrotillsynsområdet","","Webbpublicering",""
"5278546","HD01FiU37","2025/26","FiU37","bet","bet","bet","","FiU","","37","2026-05-07 00:00:00","2026-05-27 00:12:42","En ny funktion för operativ krishantering i den finansiella sektorn","","Webbpublicering",""
"5278547","HD01FiU38","2025/26","FiU38","bet","bet","bet","","FiU","","38","2026-05-07 00:00:00","2026-05-20 22:32:25","Nya regler för att främja central clearing av OTC-derivat i EU","","Webbpublicering",""
"5278548","HD01FiU39","2025/26","FiU39","bet","bet","bet","","FiU","","39","2026-05-21 00:00:00","2026-05-27 23:22:35","Åtgärder för att stärka kontanternas funktionssätt","","Webbpublicering",""
"5243790","HD01FiU4","2025/26","FiU4","bet","bet","bet","","FiU","","4","2025-12-11 00:00:00","2025-12-17 22:55:49","Utgiftsområde 26 Statsskuldsräntor m.m.","","Webbpublicering",""
"5278549","HD01FiU40","2025/26","FiU40","bet","bet","bet","","FiU","","40","2026-05-21 00:00:00","2026-05-27 00:12:42","En starkare fondmarknad","","Webbpublicering",""
"5278560","HD01FiU41","2025/26","FiU41","bet","bet","bet","","FiU","","41","2026-06-02 00:00:00","2026-06-03 22:23:50","EU:s bankpaket","","Webbpublicering",""
"5278561","HD01FiU42","2025/26","FiU42","bet","bet","bet","","FiU","","42","2026-05-22 00:00:00","2026-05-27 23:22:37","Förenklad leverantörskontroll vid upphandling","","Webbpublicering",""
"5278563","HD01FiU43","2025/26","FiU43","bet","bet","bet","","FiU","","43","2026-05-07 00:00:00","2026-05-27 00:12:42","Förbättrade förutsättningar för kommuner att motverka felaktiga utbetalningar från välfärdssystemen","","Webbpublicering",""
"5278564","HD01FiU44","2025/26","FiU44","bet","bet","bet","","FiU","","44","2026-04-28 00:00:00","2026-05-20 22:32:25","En europeisk gemensam åtkomstpunkt för finansiell och hållbarhetsrelaterad information","","Webbpublicering",""
"5278565","HD01FiU45","2025/26","FiU45","bet","bet","bet","","FiU","","45","2026-06-11 00:00:00","2026-06-17 12:33:50","Stickprovsinsamling av uppgifter om hushållens skulder","","Webbpublicering",""
"5278771","HD01FiU46","2025/26","FiU46","bet","bet","bet","","FiU","","46","2026-03-05 00:00:00","2026-07-03 11:36:20","Extra ändringsbudget för 2026 – Stöd till Ukraina och vaccinberedskap","","Webbpublicering",""
"5278772","HD01FiU47","2025/26","FiU47","bet","bet","bet","","FiU","","47","2026-06-16 00:00:00","2026-06-18 13:14:01","Extra ändringsbudget för 2026 – Stöd till Ukraina samt stöd till hushåll och andra åtgärder med anledning av kriget i Mellanöstern","","Webbpublicering",""
"5286930","HD01FiU48","2025/26","FiU48","bet","bet","bet","","FiU","","48","2026-04-21 00:00:00","2026-04-29 09:41:05","Extra ändringsbudget för 2026 – Sänkt skatt på drivmedel samt el- och gasprisstöd","","Webbpublicering",""
"5288901","HD01FiU49","2025/26","FiU49","bet","bet","bet","","FiU","","49","2026-06-11 00:00:00","2026-06-17 00:34:11","Utvärdering av statens upplåning och skuldförvaltning 2021–2025","","Webbpublicering",""
"5243791","HD01FiU5","2025/26","FiU5","bet","bet","bet","","FiU","","5","2025-12-11 00:00:00","2026-03-24 16:06:55","Utgiftsområde 27 Avgiften till Europeiska unionen","","Webbpublicering",""
"5243792","HD01FiU6","2025/26","FiU6","bet","bet","bet","","FiU","","6","2025-11-06 00:00:00","2025-11-12 16:57:01","Redovisning av AP-fondernas verksamhet t.o.m. 2024","","Webbpublicering",""
"5244139","HD01FiU7","2025/26","FiU7","bet","bet","bet","","FiU","","7","2025-09-26 00:00:00","2025-10-01 16:32:31","Anpassningar till EU:s regelverk om hantering av finansiella företag i kris","","Webbpublicering",""
"5249551","HD01FiU8","2025/26","FiU8","bet","bet","bet","","FiU","","8","2025-09-30 00:00:00","2025-12-12 15:19:00","Extra ändringsbudget för 2025 – Försvarsmateriel och ytterligare stöd till Ukraina","","Webbpublicering",""
"5243093","HD01FiU9","2025/26","FiU9","bet","bet","bet","","FiU","","9","2025-10-14 00:00:00","2025-10-22 22:07:07","Riksrevisorns årliga rapport 2025","","Webbpublicering",""
"5253475","HD01FöU1","2025/26","FöU1","bet","bet","bet","","FöU","","1","2025-12-03 00:00:00","2026-03-18 14:33:56","Utgiftsområde 6 Försvar och samhällets krisberedskap","","Webbpublicering",""
"5278343","HD01FöU10","2025/26","FöU10","bet","bet","bet","","FöU","","10","2026-02-24 00:00:00","2026-07-03 11:56:32","Totalförsvar","","Webbpublicering",""
"5281807","HD01FöU11","2025/26","FöU11","bet","bet","bet","","FöU","","11","2026-04-01 00:00:00","2026-04-16 03:11:10","Riksrevisionens rapport om miljöräddning vid stora olyckor till sjöss","","Webbpublicering",""
"5281733","HD01FöU12","2025/26","FöU12","bet","bet","bet","","FöU","","12","2026-04-02 00:00:00","2026-08-25 12:25:45","Ett starkare skydd för civilbefolkningen vid höjd beredskap","","Webbpublicering",""
"5281065","HD01FöU13","2025/26","FöU13","bet","bet","bet","","FöU","","13","2026-04-29 00:00:00","2026-05-06 22:12:12","Explosiva varor – förbättrade möjligheter till kontroll","","Webbpublicering",""
"5282025","HD01FöU14","2025/26","FöU14","bet","bet","bet","","FöU","","14","2026-06-10 00:00:00","2026-06-17 23:57:08","Förbättrade förutsättningar för operativt militärt samarbete","","Webbpublicering",""
"5282026","HD01FöU15","2025/26","FöU15","bet","bet","bet","","FöU","","15","2026-05-27 00:00:00","2026-06-09 20:55:32","Lagändringar för ett stärkt nationellt cybersäkerhetscenter","","Webbpublicering",""
"5282027","HD01FöU16","2025/26","FöU16","bet","bet","bet","","FöU","","16","2026-05-06 00:00:00","2026-06-03 22:23:51","Ändrade regler om tillstånd och tillsyn för Totalförsvarets forskningsinstitut","","Webbpublicering",""
"5282028","HD01FöU17","2025/26","FöU17","bet","bet","bet","","FöU","","17","2026-05-26 00:00:00","2026-06-03 22:23:51","Sveriges militära stöd till Ukraina","","Webbpublicering",""
"5282029","HD01FöU18","2025/26","FöU18","bet","bet","bet","","FöU","","18","2026-05-06 00:00:00","2026-06-03 22:23:51","Signalspaning i försvarsunderrättelseverksamhet – en modern och ändamålsenlig lagstiftning","","Webbpublicering",""
"5282031","HD01FöU19","2025/26","FöU19","bet","bet","bet","","FöU","","19","2026-06-10 00:00:00","2026-06-17 12:33:55","Kärnämneskontroll och bedömningar av överensstämmelse med säkerhets- och strålskyddskrav i verksamhet med strålning","","Webbpublicering",""
"5257833","HD01FöU2","2025/26","FöU2","bet","bet","bet","","FöU","","2","2025-12-03 00:00:00","2026-03-18 14:33:58","Ett starkt skydd för nätverks- och informationssystem – en ny cybersäkerhetslag","","Webbpublicering",""
"5282032","HD01FöU20","2025/26","FöU20","bet","bet","bet","","FöU","","20","2026-04-28 00:00:00","2026-05-07 12:48:12","En ny lag för ökad motståndskraft hos kritiska verksamhetsutövare","","planerat",""
"5282033","HD01FöU21","2025/26","FöU21","bet","bet","bet","","FöU","","21","2026-02-25 00:00:00","2026-05-27 15:26:13","Personalförsörjning av det civila försvaret","","planerat",""
"5283414","HD01FöU22","2025/26","FöU22","bet","bet","bet","","FöU","","22","2026-04-14 00:00:00","2026-04-14 14:20:23","","","planerat",""
"5282034","HD01FöU23","2025/26","FöU23","bet","bet","bet","","FöU","","23","2026-02-25 00:00:00","2026-02-25 15:46:42","Inriktning för omhändertagandet av använt kärnbränsle och radioaktivt avfall","","planerat",""
"5251250","HD01FöU3","2025/26","FöU3","bet","bet","bet","","FöU","","3","2025-10-15 00:00:00","2026-01-08 16:39:15","Försvarsindustristrategi för ett starkare Sverige – innovation, produktion och samarbete","","Webbpublicering",""
"5251442","HD01FöU4","2025/26","FöU4","bet","bet","bet","","FöU","","4","2025-10-23 00:00:00","2025-11-05 20:36:34","Myndigheten för civilt försvar – ett nytt namn för Myndigheten för samhällsskydd och beredskap","","Webbpublicering",""
"5272598","HD01FöU5","2025/26","FöU5","bet","bet","bet","","FöU","","5","2026-01-16 00:00:00","2026-01-29 00:16:37","Kustbevakningens sjöövervakning","","Webbpublicering",""
"5278344","HD01FöU6","2025/26","FöU6","bet","bet","bet","","FöU","","6","2026-02-19 00:00:00","2026-08-28 14:42:56","Integritetsskydd vid signalspaning i försvarsunderrättelseverksamhet","","Webbpublicering",""
"5272597","HD01FöU7","2025/26","FöU7","bet","bet","bet","","FöU","","7","2026-02-19 00:00:00","2026-05-22 14:54:05","Riksrevisionens rapport om den statliga styrningen av det civila försvarets uppbyggnad","","Webbpublicering",""
"5281321","HD01FöU8","2025/26","FöU8","bet","bet","bet","","FöU","","8","2026-04-09 00:00:00","2026-04-16 03:11:17","Personalfrågor","","Webbpublicering",""
"5278345","HD01FöU9","2025/26","FöU9","bet","bet","bet","","FöU","","9","2026-02-25 00:00:00","2026-05-29 14:38:44","Samhällets krisberedskap","","Webbpublicering",""
"5250364","HD01JuU1","2025/26","JuU1","bet","bet","bet","","JuU","","1","2025-11-28 00:00:00","2026-02-27 15:30:13","Utgiftsområde 4 Rättsväsendet","","Webbpublicering",""
"5251969","HD01JuU10","2025/26","JuU10","bet","bet","bet","","JuU","","10","2026-04-24 00:00:00","2026-04-30 12:43:04","En ny vapenlag","","Webbpublicering",""
"5258141","HD01JuU11","2025/26","JuU11","bet","bet","bet","","JuU","","11","2026-03-26 00:00:00","2026-04-01 21:50:34","Straffrättsliga frågor","","Webbpublicering",""
"5272768","HD01JuU12","2025/26","JuU12","bet","bet","bet","","JuU","","12","2026-03-20 00:00:00","2026-07-03 12:10:43","Våldsbrott och brottsoffer","","Webbpublicering",""
"5272632","HD01JuU13","2025/26","JuU13","bet","bet","bet","","JuU","","13","2026-01-16 00:00:00","2026-04-24 14:41:17","Unga lagöverträdare","","Webbpublicering",""
"5272633","HD01JuU14","2025/26","JuU14","bet","bet","bet","","JuU","","14","2026-03-26 00:00:00","2026-04-01 21:50:35","Terrorism","","Webbpublicering",""
"5272769","HD01JuU15","2025/26","JuU15","bet","bet","bet","","JuU","","15","2026-04-02 00:00:00","2026-04-16 15:34:54","Kriminalvårdsfrågor","","Webbpublicering",""
"5275212","HD01JuU16","2025/26","JuU16","bet","bet","bet","","JuU","","16","2026-03-27 00:00:00","2026-04-16 03:11:10","Polisfrågor","","Webbpublicering",""
"5272634","HD01JuU17","2025/26","JuU17","bet","bet","bet","","JuU","","17","2026-01-30 00:00:00","2026-04-30 14:00:04","Processrättsliga frågor","","Webbpublicering",""
"5272635","HD01JuU18","2025/26","JuU18","bet","bet","bet","","JuU","","18","2026-01-16 00:00:00","2026-04-24 14:41:17","Vapenfrågor","","Webbpublicering",""
"5272303","HD01JuU19","2025/26","JuU19","bet","bet","bet","","JuU","","19","2026-02-20 00:00:00","2026-05-22 14:51:33","Ett utvidgat straffansvar för försök, förberedelse och stämpling till brott","","Webbpublicering",""
"5247681","HD01JuU2","2025/26","JuU2","bet","bet","bet","","JuU","","2","2025-09-16 00:00:00","2025-11-28 15:09:24","Hemliga och preventiva tvångsmedel när barn under 15 år begår brott","","Webbpublicering",""
"5272305","HD01JuU20","2025/26","JuU20","bet","bet","bet","","JuU","","20","2026-02-20 00:00:00","2026-02-26 03:14:17","En modern lagstiftning för Kriminalvårdens personuppgiftsbehandling","","Webbpublicering",""
"5272307","HD01JuU21","2025/26","JuU21","bet","bet","bet","","JuU","","21","2026-02-06 00:00:00","2026-05-22 14:30:03","Riksrevisionens rapport om antagningen till polisutbildningen","","Webbpublicering",""
"5272308","HD01JuU22","2025/26","JuU22","bet","bet","bet","","JuU","","22","2026-01-23 00:00:00","2026-04-24 14:55:59","Utökade registerkontroller vid anställning i kommun","","Webbpublicering",""
"5272442","HD01JuU23","2025/26","JuU23","bet","bet","bet","","JuU","","23","2026-02-27 00:00:00","2026-03-04 21:49:33","Genomförande av direktivet om skydd för personer som deltar i den offentliga debatten samt införande av en ny tredskodomssanktion","","Webbpublicering",""
"5272444","HD01JuU24","2025/26","JuU24","bet","bet","bet","","JuU","","24","2026-03-04 00:00:00","2026-07-03 11:31:14","2025 års redogörelse för tillämpningen av lagen om särskild kontroll av vissa utlänningar","","Webbpublicering",""
"5272445","HD01JuU25","2025/26","JuU25","bet","bet","bet","","JuU","","25","2026-03-04 00:00:00","2026-08-17 15:18:45","Redovisning av användningen av hemliga tvångsmedel under 2024","","Webbpublicering",""
"5275546","HD01JuU26","2025/26","JuU26","bet","bet","bet","","JuU","","26","2025-12-11 00:00:00","2026-03-24 16:01:06","Polisens arbete mot sexuella övergrepp mot barn i digitala miljöer","","Webbpublicering",""
"5278291","HD01JuU27","2025/26","JuU27","bet","bet","bet","","JuU","","27","2026-03-17 00:00:00","2026-07-03 11:56:30","Säkerhetsförvaring – en ny tidsobestämd frihetsberövande påföljd","","Webbpublicering",""
"5278293","HD01JuU28","2025/26","JuU28","bet","bet","bet","","JuU","","28","2026-05-21 00:00:00","2026-05-27 00:12:42","Polisens användning av AI för ansiktsigenkänning i realtid","","Webbpublicering",""
"5278295","HD01JuU29","2025/26","JuU29","bet","bet","bet","","JuU","","29","2026-03-26 00:00:00","2026-04-01 21:50:35","Stärkt säkerhetsskydd vid överlåtelse av fast egendom","","Webbpublicering",""
"5247848","HD01JuU3","2025/26","JuU3","bet","bet","bet","","JuU","","3","2025-10-17 00:00:00","2026-01-08 16:39:08","Kriminalisering av oskuldskontroller, oskuldsintyg och oskuldsingrepp","","Webbpublicering",""
"5278297","HD01JuU30","2025/26","JuU30","bet","bet","bet","","JuU","","30","2026-05-05 00:00:00","2026-05-07 13:38:10","Frihetsberövande påföljder för barn och unga","","Webbpublicering",""
"5278299","HD01JuU31","2025/26","JuU31","bet","bet","bet","","JuU","","31","2026-04-24 00:00:00","2026-05-06 22:12:12","Riksrevisionens rapport om Polisreformen 2015","","Webbpublicering",""
"5278300","HD01JuU32","2025/26","JuU32","bet","bet","bet","","JuU","","32","2026-05-07 00:00:00","2026-05-20 22:32:25","Stärkt säkerhet vid allmänna sammankomster och offentliga tillställningar","","Webbpublicering",""
"5278302","HD01JuU33","2025/26","JuU33","bet","bet","bet","","JuU","","33","2026-05-29 00:00:00","2026-06-03 22:23:50","Effektivare gränsöverskridande inhämtning av elektroniska bevis","","Webbpublicering",""
"5278303","HD01JuU34","2025/26","JuU34","bet","bet","bet","","JuU","","34","2026-05-07 00:00:00","2026-05-20 22:32:25","Nordisk verkställighet i brottmål","","Webbpublicering",""
"5278304","HD01JuU35","2025/26","JuU35","bet","bet","bet","","JuU","","35","2026-05-28 00:00:00","2026-06-03 22:23:50","Tillfällig verkställighet av svenska fängelsestraff utomlands","","Webbpublicering",""
"5278305","HD01JuU36","2025/26","JuU36","bet","bet","bet","","JuU","","36","2026-05-19 00:00:00","2026-05-27 00:12:42","Utökade möjligheter att ingripa i säkerhetskänslig verksamhet","","Webbpublicering",""
"5278306","HD01JuU37","2025/26","JuU37","bet","bet","bet","","JuU","","37","2026-05-29 00:00:00","2026-06-03 22:23:50","Bättre möjligheter att utreda brott av unga lagöverträdare och några andra processrättsliga frågor","","Webbpublicering",""
"5278307","HD01JuU38","2025/26","JuU38","bet","bet","bet","","JuU","","38","2026-05-27 00:00:00","2026-06-03 22:23:50","Ett förstärkt samhällsskydd och tydligare reaktioner vid återfall i brott","","Webbpublicering",""
"5278308","HD01JuU39","2025/26","JuU39","bet","bet","bet","","JuU","","39","2026-05-07 00:00:00","2026-05-20 22:32:25","En särskild straffbestämmelse för psykiskt våld","","Webbpublicering",""
"5247849","HD01JuU4","2025/26","JuU4","bet","bet","bet","","JuU","","4","2025-10-17 00:00:00","2025-10-22 22:07:07","Ökade möjligheter att dela uppgifter inom Polismyndigheten","","Webbpublicering",""
"5278309","HD01JuU40","2025/26","JuU40","bet","bet","bet","","JuU","","40","2026-06-11 00:00:00","2026-06-16 02:05:32","Ett utökat straffrättsligt tjänstemannaansvar","","Webbpublicering",""
"5278310","HD01JuU41","2025/26","JuU41","bet","bet","bet","","JuU","","41","2026-08-12 00:00:00","2026-08-13 22:22:29","Skärpta regler för unga lagöverträdare","","Webbpublicering",""
"5278311","HD01JuU42","2025/26","JuU42","bet","bet","bet","","JuU","","42","2026-06-11 00:00:00","2026-06-16 02:05:32","Dubbla straff för brott i kriminella nätverk och skärpta straffskalor","","Webbpublicering",""
"5278312","HD01JuU43","2025/26","JuU43","bet","bet","bet","","JuU","","43","2026-05-20 00:00:00","2026-06-02 15:45:58","Stärkt lagstiftning mot hedersrelaterat våld och förtryck","","Webbpublicering",""
"5278313","HD01JuU44","2025/26","JuU44","bet","bet","bet","","JuU","","44","2026-06-12 00:00:00","2026-06-18 13:13:55","En betald polisutbildning","","Webbpublicering",""
"5278314","HD01JuU45","2025/26","JuU45","bet","bet","bet","","JuU","","45","2026-06-16 00:00:00","2026-06-18 13:13:54","Stärkt skydd mot utlänningar som utgör kvalificerade säkerhetshot","","Webbpublicering",""
"5279696","HD01JuU46","2025/26","JuU46","bet","bet","bet","","JuU","","46","2026-04-29 00:00:00","2026-05-20 22:32:25","Redogörelse för verksamheten inom den gemensamma parlamentariska kontrollgruppen för Europol och riksdagsdelegationens arbete under 2025","","Webbpublicering",""
"5290518","HD01JuU47","2025/26","JuU47","bet","bet","bet","","JuU","","47","2026-06-16 00:00:00","2026-06-18 13:13:52","Nya möjligheter att bekämpa onlinerekrytering","","Webbpublicering",""
"5290519","HD01JuU48","2025/26","JuU48","bet","bet","bet","","JuU","","48","2026-08-12 00:00:00","2026-08-13 22:22:32","Ett nytt straffrättsligt påföljdssystem","","Webbpublicering",""
"5249175","HD01JuU5","2025/26","JuU5","bet","bet","bet","","JuU","","5","2025-10-21 00:00:00","2025-11-05 20:36:34","Polisens användning av skjutvapen","","Webbpublicering",""
"5250243","HD01JuU6","2025/26","JuU6","bet","bet","bet","","JuU","","6","2025-11-20 00:00:00","2026-02-06 11:00:14","Skärpta krav för offentliga biträden och höjda kompetenskrav för tolkar i migrationsärenden","","Webbpublicering",""
"5251096","HD01JuU7","2025/26","JuU7","bet","bet","bet","","JuU","","7","2025-10-22 00:00:00","2026-01-16 16:02:06","Utökade möjligheter att verkställa fängelsestraff med elektronisk övervakning","","Webbpublicering",""
"5251966","HD01JuU8","2025/26","JuU8","bet","bet","bet","","JuU","","8","2025-11-28 00:00:00","2026-02-27 15:27:17","Skärpta regler för villkorlig frigivning","","Webbpublicering",""
"5251968","HD01JuU9","2025/26","JuU9","bet","bet","bet","","JuU","","9","2026-04-29 00:00:00","2026-05-07 13:38:12","En mer rättssäker och effektiv domstolsprocess","","Webbpublicering",""
"5252387","HD01KrU1","2025/26","KrU1","bet","bet","bet","","KrU","","1","2025-11-28 00:00:00","2026-02-20 15:20:42","Utgiftsområde 17 Kultur, medier, trossamfund och fritid","","Webbpublicering",""
"5284577","HD01KrU10","2025/26","KrU10","bet","utl","bet","","KrU","","10","2026-03-27 00:00:00","2026-04-01 21:50:35","Kommissionens meddelande om en kulturkompass för Europa","","Webbpublicering",""
"5249182","HD01KrU2","2025/26","KrU2","bet","bet","bet","","KrU","","2","2025-10-16 00:00:00","2026-01-08 16:35:37","En lag om public service och riktlinjer för verksamheten 2026–2033","","Webbpublicering",""
"5257995","HD01KrU3","2025/26","KrU3","bet","bet","bet","","KrU","","3","2026-01-29 00:00:00","2026-04-30 14:00:06","Ett nytt förbud mot spel på kredit","","Webbpublicering",""
"5272592","HD01KrU4","2025/26","KrU4","bet","bet","bet","","KrU","","4","2026-02-20 00:00:00","2026-05-22 14:51:42","Kulturarv och kulturmiljö","","Webbpublicering",""
"5272593","HD01KrU5","2025/26","KrU5","bet","bet","bet","","KrU","","5","2026-02-06 00:00:00","2026-05-22 14:51:43","Tillgång till kultur","","Webbpublicering",""
"5272641","HD01KrU6","2025/26","KrU6","bet","bet","bet","","KrU","","6","2026-03-19 00:00:00","2026-08-28 14:42:58","Idrott, friluftsliv och spel","","Webbpublicering",""
"5272642","HD01KrU7","2025/26","KrU7","bet","bet","bet","","KrU","","7","2026-03-20 00:00:00","2026-08-28 14:43:00","Konstarter, språk och bibliotek","","Webbpublicering",""
"5272644","HD01KrU8","2025/26","KrU8","bet","bet","bet","","KrU","","8","2026-03-19 00:00:00","2026-07-03 12:10:38","Civila samhället, trossamfund och folkbildning","","Webbpublicering",""
"5277849","HD01KrU9","2025/26","KrU9","bet","bet","bet","","KrU","","9","2026-05-27 00:00:00","2026-06-04 10:15:53","Attraktiva platser – bredare genomslag för politiken för arkitektur, form och design","","Webbpublicering",""
"5277455","HD01KU0","2025/26","KU0","bet","","bet","","KU","","0","2026-01-01 00:00:00","2026-01-09 11:55:14","bet 2025/26 KU0 ","","",""
"5253191","HD01KU1","2025/26","KU1","bet","bet","bet","","KU","","1","2025-11-28 00:00:00","2026-02-27 15:27:13","Utgiftsområde 1 Rikets styrelse","","Webbpublicering",""
"5251246","HD01KU10","2025/26","KU10","bet","bet","bet","","KU","","10","2026-01-09 00:00:00","2026-05-19 09:48:22","Granskning av statsrådens tjänsteutövning och regeringsärendenas handläggning","","Webbpublicering",""
"5281309","HD01KU11","2025/26","KU11","bet","bet","bet","","KU","","11","2026-06-09 00:00:00","2026-06-17 12:33:30","Justitieombudsmännens ämbetsberättelse","","Webbpublicering",""
"5251248","HD01KU12","2025/26","KU12","bet","bet","bet","","KU","","12","2025-11-07 00:00:00","2026-04-22 13:36:23","Kompletterande bestämmelser till EU:s mediefrihetsförordning","","Webbpublicering",""
"5253193","HD01KU13","2025/26","KU13","bet","bet","bet","","KU","","13","2025-11-13 00:00:00","2026-02-06 10:54:41","Kompletterande bestämmelser till EU:s förordning om politisk reklam","","Webbpublicering",""
"5272611","HD01KU14","2025/26","KU14","bet","bet","bet","","KU","","14","2025-12-04 00:00:00","2025-12-10 22:33:55","Ytterligare en avdelning i Lagrådet","","Webbpublicering",""
"5257499","HD01KU15","2025/26","KU15","bet","bet","bet","","KU","","15","2025-11-27 00:00:00","2025-12-03 23:21:27","Den årliga revisionen av Stiftelsen Riksbankens Jubileumsfond","","Webbpublicering",""
"5274402","HD01KU16","2025/26","KU16","bet","bet","bet","","KU","","16","2026-02-19 00:00:00","2026-02-26 03:14:18","Vissa sekretessfrågor som avser vapentransaktioner och Schengens informationssystem","","Webbpublicering",""
"5281501","HD01KU17","2025/26","KU17","bet","bet","bet","","KU","","17","2026-06-02 00:00:00","2026-06-10 23:22:15","Riksrevisionens årsredovisning för 2025","","Webbpublicering",""
"5272599","HD01KU18","2025/26","KU18","bet","bet","bet","","KU","","18","2026-01-16 00:00:00","2026-04-24 14:41:14","Tryck- och yttrandefrihet, massmediefrågor","","Webbpublicering",""
"5272600","HD01KU19","2025/26","KU19","bet","bet","bet","","KU","","19","2026-01-30 00:00:00","2026-04-30 13:59:46","Riksdagens arbetsformer","","Webbpublicering",""
"5249185","HD01KU2","2025/26","KU2","bet","bet","bet","","KU","","2","2025-09-29 00:00:00","2025-12-12 15:18:58","Stärkt skydd för demokratin och domstolarnas oberoende","","Webbpublicering",""
"5272055","HD01KU20","2025/26","KU20","bet","bet","bet","","KU","","20","2026-06-10 00:00:00","2026-06-18 11:54:51","Granskningsbetänkande","","Webbpublicering",""
"5292914","HD01KU20d2","2025/26","KU20","bet","","bet","d2","KU","","20","2026-01-01 00:00:00","2026-06-11 13:52:42","Granskningsbetänkande - del 2","","","HD01KU20"
"5292915","HD01KU20d3","2025/26","KU20","bet","","bet","d3","KU","","20","2026-01-01 00:00:00","2026-06-11 13:41:06","Granskningsbetänkande - del 3","","","HD01KU20"
"5281310","HD01KU21","2025/26","KU21","bet","bet","bet","","KU","","21","2026-06-10 00:00:00","2026-08-27 16:28:48","Behandlingen av riksdagens skrivelser","","Webbpublicering",""
"5272601","HD01KU22","2025/26","KU22","bet","bet","bet","","KU","","22","2026-01-30 00:00:00","2026-04-30 13:59:48","Minoritetsfrågor","","Webbpublicering",""
"5272602","HD01KU23","2025/26","KU23","bet","bet","bet","","KU","","23","2026-01-30 00:00:00","2026-04-30 13:59:58","Trossamfund och begravningsfrågor","","Webbpublicering",""
"5272603","HD01KU24","2025/26","KU24","bet","bet","bet","","KU","","24","2026-02-19 00:00:00","2026-05-22 14:51:36","Kommunala och regionala frågor","","Webbpublicering",""
"5272604","HD01KU25","2025/26","KU25","bet","bet","bet","","KU","","25","2026-02-19 00:00:00","2026-05-22 14:51:38","Allmänna helgdagar m.m.","","Webbpublicering",""
"5272606","HD01KU26","2025/26","KU26","bet","bet","bet","","KU","","26","2026-03-06 00:00:00","2026-07-03 11:36:24","Offentlighet, sekretess och integritet","","Webbpublicering",""
"5272607","HD01KU27","2025/26","KU27","bet","bet","bet","","KU","","27","2026-03-06 00:00:00","2026-07-03 11:36:25","Valfrågor","","Webbpublicering",""
"5272608","HD01KU28","2025/26","KU28","bet","bet","bet","","KU","","28","2026-03-06 00:00:00","2026-07-03 11:36:26","Fri- och rättigheter m.m.","","Webbpublicering",""
"5272609","HD01KU29","2025/26","KU29","bet","bet","bet","","KU","","29","2026-03-26 00:00:00","2026-04-01 21:50:35","Offentlig förvaltning","","Webbpublicering",""
"5249187","HD01KU3","2025/26","KU3","bet","bet","bet","","KU","","3","2025-09-24 00:00:00","2025-10-01 16:32:31","En långsiktigt hållbar kommersiell radioverksamhet","","Webbpublicering",""
"5272610","HD01KU30","2025/26","KU30","bet","bet","bet","","KU","","30","2026-03-26 00:00:00","2026-04-01 21:50:35","Författningsfrågor","","Webbpublicering",""
"5274400","HD01KU31","2025/26","KU31","bet","bet","bet","","KU","","31","2026-03-27 00:00:00","2026-04-01 21:50:36","Riksrevisionens rapport om statens främjande av de nationella minoritetsspråken","","Webbpublicering",""
"5281312","HD01KU32","2025/26","KU32","bet","bet","bet","","KU","","32","2026-04-17 00:00:00","2026-04-22 20:54:13","Tillgänglighetskrav för vissa medier","","Webbpublicering",""
"5281313","HD01KU33","2025/26","KU33","bet","bet","bet","","KU","","33","2026-04-17 00:00:00","2026-04-22 20:54:13","Insyn i handlingar som inhämtas genom beslag och kopiering vid husrannsakan","","Webbpublicering",""
"5281500","HD01KU34","2025/26","KU34","bet","bet","bet","","KU","","34","2026-05-11 00:00:00","2026-05-20 22:32:25","En grundlagsskyddad aborträtt samt utökade möjligheter att begränsa föreningsfriheten och rätten till medborgarskap","","Webbpublicering",""
"5284181","HD01KU35","2025/26","KU35","bet","bet","bet","","KU","","35","2026-05-13 00:00:00","2026-05-20 22:32:26","Bättre förutsättningar för digitala kommunala sammanträden och förbättrad kontroll och uppföljning av privata utförare i kommuner och regioner","","Webbpublicering",""
"5284179","HD01KU36","2025/26","KU36","bet","bet","bet","","KU","","36","2026-04-29 00:00:00","2026-05-06 22:12:13","Integritet och ny teknik 2020–2024","","Webbpublicering",""
"5284180","HD01KU37","2025/26","KU37","bet","bet","bet","","KU","","37","2026-06-03 00:00:00","2026-09-02 10:51:40","Koncentration av viss länsstyrelseverksamhet","","Webbpublicering",""
"5286191","HD01KU38","2025/26","KU38","bet","bet","bet","","KU","","38","2026-06-04 00:00:00","2026-06-11 11:07:44","Den parlamentariska processen med ledamoten i fokus","","Webbpublicering",""
"5288903","HD01KU39","2025/26","KU39","bet","bet","bet","","KU","","39","2026-06-09 00:00:00","2026-06-17 12:33:33","Ökad insyn i politiska processer","","Webbpublicering",""
"5249186","HD01KU4","2025/26","KU4","bet","bet","bet","","KU","","4","2025-10-03 00:00:00","2025-12-19 14:59:30","Säkerhet och tillgänglighet vid val","","Webbpublicering",""
"5281314","HD01KU40","2025/26","KU40","bet","bet","bet","","KU","","40","2026-06-09 00:00:00","2026-06-10 23:22:15","Verksamhetsredogörelser för riksdagens nämnder","","Webbpublicering",""
"5281315","HD01KU41","2025/26","KU41","bet","bet","bet","","KU","","41","2026-06-03 00:00:00","2026-06-11 11:07:46","Kommittéberättelse – kommittéernas verksamhet under 2025 m.m.","","Webbpublicering",""
"5287850","HD01KU42","2025/26","KU42","bet","bet","bet","","KU","","42","2026-06-10 00:00:00","2026-08-27 16:30:08","Indelning i utgiftsområden","","Webbpublicering",""
"5281694","HD01KU43","2025/26","KU43","bet","bet","bet","","KU","","43","2026-05-11 00:00:00","2026-05-21 09:37:24","En ny lag om riksdagens medalj","","Webbpublicering",""
"5286898","HD01KU44","2025/26","KU44","bet","bet","bet","","KU","","44","2026-06-10 00:00:00","2026-06-17 00:34:11","Uppskov med behandlingen av ett ärende","","Webbpublicering",""
"5294316","HD01KU45","2025/26","KU45","bet","bet","bet","","KU","","45","2026-06-16 00:00:00","2026-06-17 16:56:29","Prövning av fråga om tillämpligheten av 2 kap. 22 § regeringsformen i visst fall (bet. 2025/26:SfU31)","","Webbpublicering",""
"5251718","HD01KU5","2025/26","KU5","bet","bet","bet","","KU","","5","2025-12-18 00:00:00","2026-04-24 14:41:14","Uppföljning av riksdagens tillämpning av subsidiaritetsprincipen","","Webbpublicering",""
"5249189","HD01KU6","2025/26","KU6","bet","bet","bet","","KU","","6","2025-10-16 00:00:00","2026-01-08 16:39:13","Ökat informationsutbyte mellan myndigheter – en ny sekretessbrytande bestämmelse","","Webbpublicering",""
"5251245","HD01KU7","2025/26","KU7","bet","bet","bet","","KU","","7","2025-10-16 00:00:00","2026-01-08 16:39:11","Sekretess i vissa ärenden om strategiska nettonollprojekt","","Webbpublicering",""
"5249190","HD01KU8","2025/26","KU8","bet","bet","bet","","KU","","8","2025-11-14 00:00:00","2026-02-20 15:13:57","Stärkt konstitutionell beredskap","","Webbpublicering",""
"5253192","HD01KU9","2025/26","KU9","bet","bet","bet","","KU","","9","2025-11-14 00:00:00","2025-11-19 19:44:20","Förbättrade förutsättningar för Sverige i Nato – en kompletterande sekretessbestämmelse för Natoinformation","","Webbpublicering",""
"5277454","HD01KU999","2025/26","KU999","bet","","bet","","KU","","999","2026-01-01 00:00:00","2026-01-09 11:39:27","bet 2025/26 KU999 ","","",""
"5252392","HD01MJU1","2025/26","MJU1","bet","bet","bet","","MJU","","1","2025-12-10 00:00:00","2026-03-24 16:03:39","Utgiftsområde 20 Klimat, miljö och natur","","Webbpublicering",""
"5272614","HD01MJU10","2025/26","MJU10","bet","bet","bet","","MJU","","10","2026-02-25 00:00:00","2026-07-03 11:31:08","Jakt och viltvård","","Webbpublicering",""
"5272627","HD01MJU11","2025/26","MJU11","bet","bet","bet","","MJU","","11","2026-02-19 00:00:00","2026-05-22 14:54:12","Fiskeripolitik","","Webbpublicering",""
"5273451","HD01MJU12","2025/26","MJU12","bet","bet","bet","","MJU","","12","2026-03-05 00:00:00","2026-07-22 09:41:18","Cirkulär och giftfri ekonomi","","Webbpublicering",""
"5273977","HD01MJU13","2025/26","MJU13","bet","bet","bet","","MJU","","13","2026-03-12 00:00:00","2026-07-22 09:41:40","Skärpningar av regelverket för invasiva främmande arter och naturvård","","Webbpublicering",""
"5274960","HD01MJU14","2025/26","MJU14","bet","bet","bet","","MJU","","14","2026-01-29 00:00:00","2026-03-18 23:37:41","En ny lag om tillhandahållande på marknaden av EU-gödselprodukter","","Webbpublicering",""
"5275329","HD01MJU15","2025/26","MJU15","bet","bet","bet","","MJU","","15","2026-03-11 00:00:00","2026-07-03 11:56:47","Hund under kontroll","","Webbpublicering",""
"5274208","HD01MJU16","2025/26","MJU16","bet","bet","bet","","MJU","","16","2026-03-02 00:00:00","2026-07-03 11:31:10","Klimatpolitik","","Webbpublicering",""
"5277101","HD01MJU17","2025/26","MJU17","bet","bet","bet","","MJU","","17","2026-02-19 00:00:00","2026-05-22 14:47:15","Anpassning av svensk rätt till EU:s nya förordning om skyddade beteckningar på jordbruksprodukter och livsmedel samt livsmedelspolitik","","Webbpublicering",""
"5281748","HD01MJU18","2025/26","MJU18","bet","bet","bet","","MJU","","18","2026-03-31 00:00:00","2026-04-29 22:49:44","Förbättrat genomförande av UTP-direktivets förbud mot sena annulleringar","","Webbpublicering",""
"5279746","HD01MJU19","2025/26","MJU19","bet","bet","bet","","MJU","","19","2026-04-16 00:00:00","2026-05-12 14:31:43","Reformering av avfallslagstiftningen för ökad materialåtervinning","","Webbpublicering",""
"5252427","HD01MJU2","2025/26","MJU2","bet","bet","bet","","MJU","","2","2025-12-04 00:00:00","2026-03-18 14:36:48","Utgiftsområde 23 Areella näringar, landsbygd och livsmedel","","Webbpublicering",""
"5281890","HD01MJU20","2025/26","MJU20","bet","bet","bet","","MJU","","20","2026-04-16 00:00:00","2026-04-29 22:49:44","Riksrevisionens rapport om statens arbete med underlag och utvärdering inom det klimatpolitiska ramverket","","Webbpublicering",""
"5281889","HD01MJU21","2025/26","MJU21","bet","bet","bet","","MJU","","21","2026-04-20 00:00:00","2026-04-29 22:49:44","Riksrevisionens rapport om statens insatser för jordbrukets klimatomställning","","Webbpublicering",""
"5281891","HD01MJU22","2025/26","MJU22","bet","bet","bet","","MJU","","22","2026-05-20 00:00:00","2026-06-03 22:23:51","Riksrevisionens rapport om internationella klimatinsatser","","Webbpublicering",""
"5281892","HD01MJU23","2025/26","MJU23","bet","bet","bet","","MJU","","23","2026-05-11 00:00:00","2026-05-27 00:12:43","Förenklingar i jaktlagstiftningen","","Webbpublicering",""
"5281893","HD01MJU24","2025/26","MJU24","bet","bet","bet","","MJU","","24","2026-06-09 00:00:00","2026-06-24 16:39:11","Ny myndighet för miljöprövning","","Webbpublicering",""
"5281894","HD01MJU25","2025/26","MJU25","bet","bet","bet","","MJU","","25","2026-05-19 00:00:00","2026-05-27 00:12:43","Beredskapslager i livsmedelskedjan","","Webbpublicering",""
"5281896","HD01MJU26","2025/26","MJU26","bet","bet","bet","","MJU","","26","2026-05-19 00:00:00","2026-05-27 00:12:43","Föreskrifter om förbud mot användning och innehav av vissa läkemedel för djur","","Webbpublicering",""
"5278775","HD01MJU27","2025/26","MJU27","bet","bet","bet","","MJU","","27","2026-05-28 00:00:00","2026-06-03 22:23:56","Stärkt kontroll av fusk i livsmedelskedjan","","Webbpublicering",""
"5281897","HD01MJU28","2025/26","MJU28","bet","bet","bet","","MJU","","28","2026-06-09 00:00:00","2026-06-17 12:33:48","Ersättning vid rådighetsinskränkningar till följd av artskyddet","","Webbpublicering",""
"5281898","HD01MJU29","2025/26","MJU29","bet","bet","bet","","MJU","","29","2026-06-09 00:00:00","2026-06-17 12:33:48","Ett tydligt regelverk för aktivt skogsbruk","","Webbpublicering",""
"5247249","HD01MJU3","2025/26","MJU3","bet","bet","bet","","MJU","","3","2025-09-22 00:00:00","2025-10-01 16:32:31","Verkställbara tvångsmedel mot fartyg inom EU:s utsläppshandelssystem","","Webbpublicering",""
"5286197","HD01MJU30","2025/26","MJU30","bet","bet","bet","","MJU","","30","2026-03-30 00:00:00","2026-03-30 12:41:15","Sveriges klimatmål – EU-anpassade och ändamålsenliga etappmål till 2030","","planerat",""
"5250023","HD01MJU4","2025/26","MJU4","bet","bet","bet","","MJU","","4","2025-10-23 00:00:00","2025-11-05 20:36:34","Kompletterande bestämmelser till EU-förordningen om batterier","","Webbpublicering",""
"5252410","HD01MJU5","2025/26","MJU5","bet","bet","bet","","MJU","","5","2025-11-17 00:00:00","2025-11-26 20:33:37","Straff för överträdelser av EU:s nya förordningar om f-gaser och ozonnedbrytande ämnen","","Webbpublicering",""
"5259075","HD01MJU6","2025/26","MJU6","bet","bet","bet","","MJU","","6","2026-01-16 00:00:00","2026-04-24 14:41:18","Skogspolitik","","Webbpublicering",""
"5272309","HD01MJU7","2025/26","MJU7","bet","bet","bet","","MJU","","7","2026-01-16 00:00:00","2026-07-22 09:43:18","Övergripande miljöfrågor","","Webbpublicering",""
"5272455","HD01MJU8","2025/26","MJU8","bet","bet","bet","","MJU","","8","2026-01-20 00:00:00","2026-04-24 14:56:21","Jordbrukspolitik","","Webbpublicering",""
"5272620","HD01MJU9","2025/26","MJU9","bet","bet","bet","","MJU","","9","2026-02-10 00:00:00","2026-05-22 14:51:53","Djurskydd","","Webbpublicering",""
"5250149","HD01NU1","2025/26","NU1","bet","bet","bet","","NU","","1","2025-12-10 00:00:00","2026-08-19 09:47:41","Utgiftsområde 24 Näringsliv","","Webbpublicering",""
"5250157","HD01NU10","2025/26","NU10","bet","bet","bet","","NU","","10","2025-11-20 00:00:00","2026-08-19 09:51:59","Regelverket för framtidens el- och gasnät","","Webbpublicering",""
"5272362","HD01NU11","2025/26","NU11","bet","bet","bet","","NU","","11","2026-02-10 00:00:00","2026-08-19 09:52:35","Handelspolitik","","Webbpublicering",""
"5272364","HD01NU12","2025/26","NU12","bet","bet","bet","","NU","","12","2026-02-05 00:00:00","2026-08-19 09:53:03","Regional utvecklingspolitik","","Webbpublicering",""
"5272347","HD01NU13","2025/26","NU13","bet","bet","bet","","NU","","13","2026-02-26 00:00:00","2026-08-19 09:53:29","Energipolitik","","Webbpublicering",""
"5272348","HD01NU14","2025/26","NU14","bet","bet","bet","","NU","","14","2026-03-05 00:00:00","2026-08-19 09:53:52","Näringspolitik","","Webbpublicering",""
"5272349","HD01NU15","2025/26","NU15","bet","bet","bet","","NU","","15","2026-03-26 00:00:00","2026-08-19 09:54:16","Regelförenkling för företag","","Webbpublicering",""
"5272350","HD01NU16","2025/26","NU16","bet","bet","bet","","NU","","16","2026-03-10 00:00:00","2026-08-19 09:54:44","Mineralpolitik","","Webbpublicering",""
"5272351","HD01NU17","2025/26","NU17","bet","bet","bet","","NU","","17","2026-03-26 00:00:00","2026-08-19 09:55:12","Elmarknadsfrågor","","Webbpublicering",""
"5281293","HD01NU18","2025/26","NU18","bet","bet","bet","","NU","","18","2026-04-08 00:00:00","2026-08-19 09:55:40","Tillståndsprövning enligt förnybartdirektivet","","Webbpublicering",""
"5281294","HD01NU19","2025/26","NU19","bet","bet","bet","","NU","","19","2026-04-29 00:00:00","2026-08-19 09:56:08","En mer ändamålsenlig prövning av kärntekniska anläggningar","","Webbpublicering",""
"5250150","HD01NU2","2025/26","NU2","bet","bet","bet","","NU","","2","2025-12-10 00:00:00","2026-08-19 09:48:11","Utgiftsområde 19 Regional utveckling","","Webbpublicering",""
"5281295","HD01NU20","2025/26","NU20","bet","bet","bet","","NU","","20","2026-05-28 00:00:00","2026-08-19 09:56:41","Vindkraft i kommuner","","Webbpublicering",""
"5281296","HD01NU21","2025/26","NU21","bet","bet","bet","","NU","","21","2026-05-12 00:00:00","2026-08-19 09:57:15","Hela Sverige ska fungera – politik för starkare landsbygder","","Webbpublicering",""
"5281297","HD01NU22","2025/26","NU22","bet","bet","bet","","NU","","22","2026-04-29 00:00:00","2026-08-19 09:57:44","Nya verktyg för stärkt konkurrens i privat och offentlig verksamhet","","Webbpublicering",""
"5281298","HD01NU23","2025/26","NU23","bet","bet","bet","","NU","","23","2026-05-26 00:00:00","2026-08-19 09:58:11","Privatkopieringsersättning","","Webbpublicering",""
"5281299","HD01NU24","2025/26","NU24","bet","bet","bet","","NU","","24","2026-06-05 00:00:00","2026-08-19 09:58:42","Ny kärnkraft i Sverige – fler möjliga platser vid kusten","","Webbpublicering",""
"5281300","HD01NU25","2025/26","NU25","bet","bet","bet","","NU","","25","2026-06-08 00:00:00","2026-08-19 09:59:13","Nya lagar om elsystemet","","Webbpublicering",""
"5281301","HD01NU26","2025/26","NU26","bet","utl","bet","","NU","","26","2026-02-26 00:00:00","2026-05-29 14:35:31","Subsidiaritetsprövning av kommissionens förslag om riktlinjer för transeuropeisk energiinfrastruktur och påskyndandet av tillståndsförfaranden","","Webbpublicering",""
"5281303","HD01NU27","2025/26","NU27","bet","bet","bet","","NU","","27","2026-06-04 00:00:00","2026-08-19 09:59:46","Ändamålsenliga säkerhets- och strålskyddskrav för utvinning och bearbetning av kärnämnen","","Webbpublicering",""
"5250152","HD01NU3","2025/26","NU3","bet","bet","bet","","NU","","3","2025-12-04 00:00:00","2026-08-19 09:48:43","Utgiftsområde 21 Energi","","Webbpublicering",""
"5250063","HD01NU4","2025/26","NU4","bet","bet","bet","","NU","","4","2026-01-13 00:00:00","2026-08-19 09:49:22","2025 års redogörelse för företag med statligt ägande","","Webbpublicering",""
"5243797","HD01NU5","2025/26","NU5","bet","bet","bet","","NU","","5","2025-10-01 00:00:00","2025-10-15 16:53:54","Nya regler om geografiska beteckningar och internationella varumärken","","Webbpublicering",""
"5243798","HD01NU6","2025/26","NU6","bet","bet","bet","","NU","","6","2025-10-22 00:00:00","2026-08-19 09:50:02","Uppgiftsskyldighet för vissa stödåtgärder som faller under EU:s statsstödsregler","","Webbpublicering",""
"5250154","HD01NU7","2025/26","NU7","bet","bet","bet","","NU","","7","2025-10-23 00:00:00","2026-08-19 09:50:35","Förbudet mot utvinning av uran tas bort","","Webbpublicering",""
"5250155","HD01NU8","2025/26","NU8","bet","bet","bet","","NU","","8","2025-11-12 00:00:00","2026-08-19 10:00:45","Förbättrad utformning av EU:s elmarknad","","Webbpublicering",""
"5250156","HD01NU9","2025/26","NU9","bet","bet","bet","","NU","","9","2025-12-18 00:00:00","2026-04-24 14:41:32","Riksrevisionens rapport om LKAB:s omställning","","Webbpublicering",""
"5253343","HD01SfU1","2025/26","SfU1","bet","bet","bet","","SfU","","1","2025-12-03 00:00:00","2026-03-06 14:13:17","Utgiftsområde 10 Ekonomisk trygghet vid sjukdom och funktionsnedsättning","","Webbpublicering",""
"5273104","HD01SfU10","2025/26","SfU10","bet","bet","bet","","SfU","","10","2026-03-11 00:00:00","2026-03-25 21:20:09","Riksrevisionens rapport om socialförsäkringsskyddet vid internationell rörlighet","","Webbpublicering",""
"5274070","HD01SfU11","2025/26","SfU11","bet","bet","bet","","SfU","","11","2026-02-18 00:00:00","2026-05-22 14:47:14","Tillfälligt nedsatta arbetsgivaravgifter för 19–23-åringar","","Webbpublicering",""
"5276683","HD01SfU12","2025/26","SfU12","bet","bet","bet","","SfU","","12","2026-03-11 00:00:00","2026-07-03 11:56:34","Nya regler för arbetskraftsinvandring","","Webbpublicering",""
"5259084","HD01SfU13","2025/26","SfU13","bet","bet","bet","","SfU","","13","2025-12-11 00:00:00","2026-03-27 14:41:25","Pensioner","","Webbpublicering",""
"5259085","HD01SfU14","2025/26","SfU14","bet","bet","bet","","SfU","","14","2025-12-11 00:00:00","2026-03-27 14:41:26","Socialavgifter","","Webbpublicering",""
"5273320","HD01SfU15","2025/26","SfU15","bet","bet","bet","","SfU","","15","2026-02-18 00:00:00","2026-05-22 14:54:06","Arbetskraftsinvandring","","Webbpublicering",""
"5277429","HD01SfU16","2025/26","SfU16","bet","bet","bet","","SfU","","16","2026-04-09 00:00:00","2026-04-16 03:11:16","Migrationsfrågor","","Webbpublicering",""
"5273325","HD01SfU17","2025/26","SfU17","bet","bet","bet","","SfU","","17","2026-03-12 00:00:00","2026-07-03 11:59:36","Ekonomisk familjepolitik","","Webbpublicering",""
"5276689","HD01SfU18","2025/26","SfU18","bet","bet","bet","","SfU","","18","2026-04-01 00:00:00","2026-04-22 20:54:13","Socialförsäkringsfrågor","","Webbpublicering",""
"5276685","HD01SfU19","2025/26","SfU19","bet","bet","bet","","SfU","","19","2026-03-18 00:00:00","2026-03-27 02:33:17","Skyndsamhet och preklusionsfrister vid överprövning av upphandling av fonder till premiepensionens fondtorg","","Webbpublicering",""
"5253344","HD01SfU2","2025/26","SfU2","bet","bet","bet","","SfU","","2","2025-11-27 00:00:00","2026-02-27 15:30:19","Utgiftsområde 11 Ekonomisk trygghet vid ålderdom","","Webbpublicering",""
"5280546","HD01SfU20","2025/26","SfU20","bet","bet","bet","","SfU","","20","2026-04-16 00:00:00","2026-04-22 20:54:16","Ett slopat krav på anmälan före ansökan om föräldrapenning","","Webbpublicering",""
"5281553","HD01SfU21","2025/26","SfU21","bet","bet","bet","","SfU","","21","2026-05-06 00:00:00","2026-05-20 22:32:25","Kvalificering till socialförsäkringen","","Webbpublicering",""
"5281402","HD01SfU22","2025/26","SfU22","bet","bet","bet","","SfU","","22","2026-04-14 00:00:00","2026-04-22 20:54:16","Inhibition av verkställigheten – en ny ordning för vissa utlänningar vid tillfälliga verkställighetshinder","","Webbpublicering",""
"5281555","HD01SfU23","2025/26","SfU23","bet","bet","bet","","SfU","","23","2026-04-23 00:00:00","2026-04-30 12:43:11","Bättre migrationsrättsliga regler för forskare och doktorander samt åtgärder för att motverka missbruk av uppehållstillstånd för studier","","Webbpublicering",""
"5281560","HD01SfU24","2025/26","SfU24","bet","bet","bet","","SfU","","24","2026-05-06 00:00:00","2026-05-20 22:32:25","Ett mer träffsäkert och korrekt bostadsbidrag","","Webbpublicering",""
"5281563","HD01SfU25","2025/26","SfU25","bet","bet","bet","","SfU","","25","2026-05-27 00:00:00","2026-06-18 13:13:56","Utdelning av överskott i inkomstpensionssystemet","","Webbpublicering",""
"5281564","HD01SfU26","2025/26","SfU26","bet","bet","bet","","SfU","","26","2026-05-19 00:00:00","2026-05-27 00:12:43","Bidragsspärr och sanktionsavgift i socialförsäkringen","","Webbpublicering",""
"5281565","HD01SfU27","2025/26","SfU27","bet","bet","bet","","SfU","","27","2026-02-20 00:00:00","2026-05-07 11:44:56","Nya regler om ansökningsförfarandet för vissa uppehålls- och arbetstillstånd","","planerat",""
"5281566","HD01SfU28","2025/26","SfU28","bet","bet","bet","","SfU","","28","2026-04-28 00:00:00","2026-04-30 12:43:08","Skärpta krav för svenskt medborgarskap","","Webbpublicering",""
"5281573","HD01SfU29","2025/26","SfU29","bet","bet","bet","","SfU","","29","2026-06-04 00:00:00","2026-06-16 02:05:32","En begränsning av rätten till socialförsäkringsförmåner för den som avtjänar fängelsestraff i kontrollerat boende eller som avtjänar säkerhetsförvaring","","Webbpublicering",""
"5253345","HD01SfU3","2025/26","SfU3","bet","bet","bet","","SfU","","3","2025-12-03 00:00:00","2026-03-06 14:13:19","Utgiftsområde 12 Ekonomisk trygghet för familjer och barn","","Webbpublicering",""
"5281567","HD01SfU30","2025/26","SfU30","bet","bet","bet","","SfU","","30","2026-06-04 00:00:00","2026-06-09 20:55:32","Utmönstring av permanent uppehållstillstånd och anpassning av svensk rätt till EU:s migrations- och asylpakt","","Webbpublicering",""
"5281568","HD01SfU31","2025/26","SfU31","bet","bet","bet","","SfU","","31","2026-06-11 00:00:00","2026-06-17 16:47:14","Skärpta regler om uppsikt och förvar","","Webbpublicering",""
"5281570","HD01SfU32","2025/26","SfU32","bet","bet","bet","","SfU","","32","2026-06-11 00:00:00","2026-06-16 02:05:32","Stärkt återvändandeverksamhet","","Webbpublicering",""
"5281575","HD01SfU33","2025/26","SfU33","bet","bet","bet","","SfU","","33","2026-06-11 00:00:00","2026-06-17 12:33:53","Skärpta regler om utvisning på grund av brott","","Webbpublicering",""
"5281556","HD01SfU34","2025/26","SfU34","bet","bet","bet","","SfU","","34","2026-05-27 00:00:00","2026-06-17 23:57:08","Riksrevisionens rapport om förvar i migrationsprocessen","","Webbpublicering",""
"5281571","HD01SfU35","2025/26","SfU35","bet","bet","bet","","SfU","","35","2026-05-29 00:00:00","2026-06-03 22:23:51","En ny mottagandelag","","Webbpublicering",""
"5281572","HD01SfU36","2025/26","SfU36","bet","bet","bet","","SfU","","36","2026-06-11 00:00:00","2026-06-16 02:05:32","Skärpta och tydligare krav på vandel för uppehållstillstånd","","Webbpublicering",""
"5290500","HD01SfU37","2025/26","SfU37","bet","bet","bet","","SfU","","37","2026-08-11 00:00:00","2026-08-13 22:22:30","Skärpta villkor för anhöriginvandring","","Webbpublicering",""
"5253347","HD01SfU4","2025/26","SfU4","bet","bet","bet","","SfU","","4","2025-11-27 00:00:00","2026-02-27 15:30:20","Utgiftsområde 8 Migration","","Webbpublicering",""
"5247800","HD01SfU5","2025/26","SfU5","bet","bet","bet","","SfU","","5","2025-10-07 00:00:00","2025-12-19 14:59:35","Anpassning av svensk rätt till den reviderade VIS-förordningen","","Webbpublicering",""
"5247844","HD01SfU6","2025/26","SfU6","bet","bet","bet","","SfU","","6","2025-10-14 00:00:00","2026-01-08 16:35:43","Bättre verktyg för kontroll – uppgiftsinhämtning inom socialförsäkringen och ekonomiskt bistånd","","Webbpublicering",""
"5255378","HD01SfU7","2025/26","SfU7","bet","bet","bet","","SfU","","7","2025-11-18 00:00:00","2025-11-26 20:33:38","Anpassning av vissa skatte- och avgiftsnedsättningar till EU:s regler om statsstöd","","Webbpublicering",""
"5253348","HD01SfU8","2025/26","SfU8","bet","bet","bet","","SfU","","8","2026-01-14 00:00:00","2026-04-24 14:41:29","Riksrevisionens rapport om Migrationsverkets hantering av medborgarskapsärenden","","Webbpublicering",""
"5272427","HD01SfU9","2025/26","SfU9","bet","bet","bet","","SfU","","9","2026-01-21 00:00:00","2026-01-29 00:16:38","Arbetsprövning med bibehållen sjukpenning","","Webbpublicering",""
"5253196","HD01SkU1","2025/26","SkU1","bet","bet","bet","","SkU","","1","2025-11-27 00:00:00","2026-02-27 15:27:18","Utgiftsområde 3 Skatt, tull och exekution","","Webbpublicering",""
"5277155","HD01SkU10","2025/26","SkU10","bet","bet","bet","","SkU","","10","2026-02-17 00:00:00","2026-05-22 14:47:12","Framtidens dataskydd vid Skatteverket, Tullverket och Kronofogdemyndigheten","","Webbpublicering",""
"5279937","HD01SkU11","2025/26","SkU11","bet","bet","bet","","SkU","","11","2026-03-19 00:00:00","2026-07-03 12:10:40","Modernisering av Skatteverkets kontrollverktyg","","Webbpublicering",""
"5278354","HD01SkU13","2025/26","SkU13","bet","bet","bet","","SkU","","13","2026-03-19 00:00:00","2026-07-03 12:10:41","Inkomstskatt","","Webbpublicering",""
"5277501","HD01SkU14","2025/26","SkU14","bet","bet","bet","","SkU","","14","2026-02-26 00:00:00","2026-05-29 14:35:32","Skatteförfarande, folkbokföring och tull","","Webbpublicering",""
"5278352","HD01SkU15","2025/26","SkU15","bet","bet","bet","","SkU","","15","2026-03-04 00:00:00","2026-07-03 11:31:13","Företag, kapital och fastighet","","Webbpublicering",""
"5278355","HD01SkU16","2025/26","SkU16","bet","bet","bet","","SkU","","16","2026-03-19 00:00:00","2026-07-03 12:10:42","Punktskatt","","Webbpublicering",""
"5278353","HD01SkU17","2025/26","SkU17","bet","bet","bet","","SkU","","17","2026-02-26 00:00:00","2026-05-29 14:35:33","Mervärdesskatt","","Webbpublicering",""
"5277156","HD01SkU18","2025/26","SkU18","bet","bet","bet","","SkU","","18","2026-02-05 00:00:00","2026-05-22 14:38:09","Förbättrat regelverk om beskattning av skog","","Webbpublicering",""
"5277157","HD01SkU19","2025/26","SkU19","bet","bet","bet","","SkU","","19","2026-02-17 00:00:00","2026-05-22 14:47:13","Kontroller av kontanta medel vid den inre gränsen","","Webbpublicering",""
"5253197","HD01SkU2","2025/26","SkU2","bet","bet","bet","","SkU","","2","2025-12-03 00:00:00","2026-01-15 01:59:09","Förenklad hantering av skattefritt bränsle och vissa andra punktskattefrågor","","Webbpublicering",""
"5279938","HD01SkU20","2025/26","SkU20","bet","bet","bet","","SkU","","20","2026-03-19 00:00:00","2026-07-03 12:10:39","Utbyte av uppgifter i tilläggsskatterapport och kompletteringar av förfarandet av tilläggsskatt för företag i stora koncerner","","Webbpublicering",""
"5273624","HD01SkU21","2025/26","SkU21","bet","bet","bet","","SkU","","21","2026-04-28 00:00:00","2026-05-07 13:38:17","Det skatterättsliga företrädaransvaret – nya regler om befrielse och rådrum","","Webbpublicering",""
"5281317","HD01SkU22","2025/26","SkU22","bet","bet","bet","","SkU","","22","2026-04-28 00:00:00","2026-05-07 13:38:17","Åtgärder mot mervärdesskattebedrägerier","","Webbpublicering",""
"5277158","HD01SkU23","2025/26","SkU23","bet","bet","bet","","SkU","","23","2026-04-16 00:00:00","2026-04-22 20:54:18","Permanent skattefrihet för förmån av laddel på arbetsplatsen och utvidgad rätt till avdrag för drivmedelsutgifter","","Webbpublicering",""
"5281996","HD01SkU24","2025/26","SkU24","bet","bet","bet","","SkU","","24","2026-02-25 00:00:00","2026-03-25 17:28:21","Effektivare kontrollmöjligheter i systemen för rot, rut, grön teknik och personalliggare","","planerat",""
"5281997","HD01SkU25","2025/26","SkU25","bet","bet","bet","","SkU","","25","2026-05-05 00:00:00","2026-05-20 22:32:26","Sänkt mervärdesskatt på tillträde till danstillställningar","","Webbpublicering",""
"5279939","HD01SkU26","2025/26","SkU26","bet","bet","bet","","SkU","","26","2026-05-05 00:00:00","2026-05-20 22:32:25","Ett undantag i kupongskattelagen för utländska stater","","Webbpublicering",""
"5281994","HD01SkU27","2025/26","SkU27","bet","bet","bet","","SkU","","27","2026-05-05 00:00:00","2026-05-20 22:32:26","Författningsändringar med anledning av övertagande av uppgift inom eurovinjettsamarbetet","","Webbpublicering",""
"5281998","HD01SkU28","2025/26","SkU28","bet","bet","bet","","SkU","","28","2026-05-19 00:00:00","2026-05-27 00:12:43","Sänkt alkoholskatt för alkoholvaror från oberoende småproducenter","","Webbpublicering",""
"5281999","HD01SkU29","2025/26","SkU29","bet","bet","bet","","SkU","","29","2026-06-04 00:00:00","2026-06-12 02:03:27","Förbättrade regler för svensk tonnagebeskattning","","Webbpublicering",""
"5253190","HD01SkU3","2025/26","SkU3","bet","bet","bet","","SkU","","3","2025-11-05 00:00:00","2025-11-12 16:57:01","Kompletterande bestämmelser om flexiblare regler för utbetalning från pensionsförsäkring","","Webbpublicering",""
"5282000","HD01SkU30","2025/26","SkU30","bet","bet","bet","","SkU","","30","2026-06-11 00:00:00","2026-06-18 13:13:50","Utökade befogenheter för Skatteverket inom folkbokföringsverksamheten","","Webbpublicering",""
"5282001","HD01SkU31","2025/26","SkU31","bet","bet","bet","","SkU","","31","2026-02-25 00:00:00","2026-03-26 10:14:40","Höjd skatt på viss tobak","","planerat",""
"5275322","HD01SkU32","2025/26","SkU32","bet","bet","bet","","SkU","","32","2026-04-16 00:00:00","2026-04-22 20:54:13","Uppsägning av sparandeavtal","","Webbpublicering",""
"5277159","HD01SkU33","2025/26","SkU33","bet","bet","bet","","SkU","","33","2026-03-05 00:00:00","2026-07-03 11:59:41","Riksrevisionens rapport om Skatteverkets åtgärder mot svartarbete","","Webbpublicering",""
"5282003","HD01SkU34","2025/26","SkU34","bet","bet","bet","","SkU","","34","2026-06-02 00:00:00","2026-06-10 13:45:48","Redovisning av skatteutgifter 2026","","Webbpublicering",""
"5277572","HD01SkU35","2025/26","SkU35","bet","bet","bet","","SkU","","35","2026-06-04 00:00:00","2026-06-12 02:03:27","Vissa justeringar i inkomstskattelagen med anledning av förändrade ersättningar för nyanlända invandrare","","Webbpublicering",""
"5253198","HD01SkU4","2025/26","SkU4","bet","bet","bet","","SkU","","4","2025-11-20 00:00:00","2025-11-26 20:33:37","Rapportering och utbyte av information om kryptotillgångar","","Webbpublicering",""
"5257804","HD01SkU5","2025/26","SkU5","bet","bet","bet","","SkU","","5","2025-11-27 00:00:00","2026-02-27 15:27:16","Ytterligare kompletteringar till bestämmelserna om tilläggsskatt för företag i stora koncerner","","Webbpublicering",""
"5272421","HD01SkU6","2025/26","SkU6","bet","bet","bet","","SkU","","6","2026-01-27 00:00:00","2026-02-26 03:14:18","Kompletteringar och förtydliganden i fråga om sanktioner vid skatteundandragande och bedrägerier","","Webbpublicering",""
"5257453","HD01SkU7","2025/26","SkU7","bet","bet","bet","","SkU","","7","2025-10-16 00:00:00","2026-01-08 16:39:18","Riksrevisionens rapport om tillfälliga anstånd med inbetalning av skatt","","Webbpublicering",""
"5254174","HD01SkU8","2025/26","SkU8","bet","bet","bet","","SkU","","8","2025-11-11 00:00:00","2026-02-06 10:54:41","Anpassningar av ränteavdragsreglerna till EU-rätten","","Webbpublicering",""
"5273627","HD01SkU9","2025/26","SkU9","bet","bet","bet","","SkU","","9","2026-02-05 00:00:00","2026-05-22 14:38:08","Tillfälligt sänkt mervärdesskatt på livsmedel","","Webbpublicering",""
"5252756","HD01SoU1","2025/26","SoU1","bet","bet","bet","","SoU","","1","2025-12-03 00:00:00","2026-03-18 14:34:01","Utgiftsområde 9 Hälsovård, sjukvård och social omsorg","","Webbpublicering",""
"5250817","HD01SoU10","2025/26","SoU10","bet","bet","bet","","SoU","","10","2025-11-27 00:00:00","2026-02-27 15:27:15","Ett förstärkt högkostnadsskydd för tandvård","","Webbpublicering",""
"5250818","HD01SoU11","2025/26","SoU11","bet","bet","bet","","SoU","","11","2025-11-27 00:00:00","2025-12-10 22:33:55","Stärkt skydd för barn som riskerar att fara illa","","Webbpublicering",""
"5257154","HD01SoU12","2025/26","SoU12","bet","bet","bet","","SoU","","12","2026-01-23 00:00:00","2026-04-24 14:56:05","Folkhälsa","","Webbpublicering",""
"5257155","HD01SoU13","2025/26","SoU13","bet","bet","bet","","SoU","","13","2026-01-23 00:00:00","2026-04-30 13:59:59","Alkohol, narkotika, dopning, tobak och spel","","Webbpublicering",""
"5257156","HD01SoU14","2025/26","SoU14","bet","bet","bet","","SoU","","14","2026-01-27 00:00:00","2026-04-30 14:00:01","Läkemedel och tandvård","","Webbpublicering",""
"5257157","HD01SoU15","2025/26","SoU15","bet","bet","bet","","SoU","","15","2026-02-26 00:00:00","2026-05-29 14:38:37","Stöd till personer med funktionsnedsättning","","Webbpublicering",""
"5281697","hd01sou15tt","2025/26","sou15tt","kammakt","ap","kam-ap","hd01sou15tt","sou","","15","2026-03-05 12:00:10","2026-03-04 14:46:54","Debatt om förslag: Stöd till personer med funktionsnedsättning - teckenspråkstolkad","","",""
"5257158","HD01SoU16","2025/26","SoU16","bet","bet","bet","","SoU","","16","2026-04-01 00:00:00","2026-04-22 20:54:13","Hälso- och sjukvårdens organisation","","Webbpublicering",""
"5257160","HD01SoU17","2025/26","SoU17","bet","bet","bet","","SoU","","17","2026-04-01 00:00:00","2026-04-22 20:54:13","Prioriteringar inom hälso- och sjukvården","","Webbpublicering",""
"5257164","HD01SoU18","2025/26","SoU18","bet","bet","bet","","SoU","","18","2026-03-26 00:00:00","2026-04-16 03:11:16","Socialtjänstens arbete","","Webbpublicering",""
"5257165","HD01SoU19","2025/26","SoU19","bet","bet","bet","","SoU","","19","2026-03-26 00:00:00","2026-04-01 21:50:34","Barn och unga inom socialtjänsten","","Webbpublicering",""
"5241881","HD01SoU2","2025/26","SoU2","bet","bet","bet","","SoU","","2","2025-10-01 00:00:00","2025-12-19 14:59:31","Riksrevisionens rapport om sektorsansvaret i funktionshinderspolitiken","","Webbpublicering",""
"5257166","HD01SoU20","2025/26","SoU20","bet","bet","bet","","SoU","","20","2026-03-19 00:00:00","2026-07-03 12:10:36","Socialtjänstens ansvar för våldsutsatta m.m.","","Webbpublicering",""
"5257167","HD01SoU21","2025/26","SoU21","bet","bet","bet","","SoU","","21","2026-02-25 00:00:00","2026-05-29 14:38:41","Äldreomsorg","","Webbpublicering",""
"5257168","HD01SoU22","2025/26","SoU22","bet","bet","bet","","SoU","","22","2026-03-20 00:00:00","2026-08-28 14:42:54","Kompetensförsörjning, e-hälsa och beredskap","","Webbpublicering",""
"5251894","HD01SoU23","2025/26","SoU23","bet","bet","bet","","SoU","","23","2026-02-06 00:00:00","2026-05-22 14:38:03","Nästa steg för en god och nära vård","","Webbpublicering",""
"5258853","HD01SoU24","2025/26","SoU24","bet","bet","bet","","SoU","","24","2026-01-29 00:00:00","2026-02-18 02:23:18","Specialiseringstjänstgöring för sjukhusfysiker","","Webbpublicering",""
"5272287","HD01SoU25","2025/26","SoU25","bet","bet","bet","","SoU","","25","2026-04-24 00:00:00","2026-05-20 22:32:25","Stärkta insatser för äldre och för de som vårdar eller stöder närstående","","Webbpublicering",""
"5278224","HD01SoU26","2025/26","SoU26","bet","bet","bet","","SoU","","26","2026-03-19 00:00:00","2026-08-28 14:42:41","Ett språkkrav inom äldreomsorgen","","Webbpublicering",""
"5278225","HD01SoU27","2025/26","SoU27","bet","bet","bet","","SoU","","27","2026-04-28 00:00:00","2026-05-20 22:32:25","En lag om socialdataregister","","Webbpublicering",""
"5278227","HD01SoU28","2025/26","SoU28","bet","bet","bet","","SoU","","28","2026-05-29 00:00:00","2026-06-09 20:55:32","Riksrevisionens rapport om Inspektionen för vård och omsorgs hantering av enskildas klagomål på hälso- och sjukvården","","Webbpublicering",""
"5278228","HD01SoU29","2025/26","SoU29","bet","bet","bet","","SoU","","29","2026-05-20 00:00:00","2026-05-27 00:12:42","Aktivitetskrav för mottagare av försörjningsstöd","","Webbpublicering",""
"5241905","HD01SoU3","2025/26","SoU3","bet","bet","bet","","SoU","","3","2025-10-01 00:00:00","2025-10-15 16:53:54","Riksrevisionens rapport om tillsynen över medicintekniska produkter","","Webbpublicering",""
"5278231","HD01SoU30","2025/26","SoU30","bet","bet","bet","","SoU","","30","2026-05-20 00:00:00","2026-05-27 00:12:42","Reformerat försörjningsstöd – bidragstak och ökade möjligheter till arbete","","Webbpublicering",""
"5278235","HD01SoU31","2025/26","SoU31","bet","bet","bet","","SoU","","31","2026-05-11 00:00:00","2026-05-27 00:12:42","En nationell utredningsfunktion för att förebygga suicid","","Webbpublicering",""
"5278238","HD01SoU32","2025/26","SoU32","bet","bet","bet","","SoU","","32","2026-05-29 00:00:00","2026-06-09 20:55:32","Stärkt medicinsk kompetens i kommunal hälso- och sjukvård","","Webbpublicering",""
"5278239","HD01SoU33","2025/26","SoU33","bet","bet","bet","","SoU","","33","2026-04-29 00:00:00","2026-05-07 21:47:31","Slopat matkrav för serveringstillstånd","","Webbpublicering",""
"5278240","HD01SoU34","2025/26","SoU34","bet","bet","bet","","SoU","","34","2026-06-04 00:00:00","2026-06-16 02:05:32","En mer sammanhållen vård för personer med skadligt bruk eller beroende och andra psykiatriska tillstånd","","Webbpublicering",""
"5278241","HD01SoU35","2025/26","SoU35","bet","bet","bet","","SoU","","35","2026-06-02 00:00:00","2026-06-16 02:05:32","Receptfria läkemedel med krav på särskild rådgivning","","Webbpublicering",""
"5280606","HD01SoU36","2025/26","SoU36","bet","bet","bet","","SoU","","36","2026-05-08 00:00:00","2026-05-20 22:32:25","Bättre förutsättningar att sända ut statlig personal","","Webbpublicering",""
"5285827","HD01SoU37","2025/26","SoU37","bet","utl","bet","","SoU","","37","2026-03-26 00:00:00","2026-04-01 21:50:35","Subsidiaritetsprövning av kommissionens förslag till direktiv om hantering av genetiskt modifierade mikroorganismer och bearbetning av organ","","Webbpublicering",""
"5290178","HD01SoU38","2025/26","SoU38","bet","bet","bet","","SoU","","38","2026-08-07 00:00:00","2026-08-13 22:22:30","För barns rättigheter och trygghet – en ny lag om omhändertagande för vård av barn och unga","","Webbpublicering",""
"5290177","HD01SoU39","2025/26","SoU39","bet","bet","bet","","SoU","","39","2026-08-07 00:00:00","2026-08-13 22:22:30","Förebyggande insatser inom socialtjänsten till skydd för barn och unga vid bristande medverkan","","Webbpublicering",""
"5243118","HD01SoU4","2025/26","SoU4","bet","bet","bet","","SoU","","4","2025-11-13 00:00:00","2025-11-19 19:44:20","Redovisning av fördelning av medel från Allmänna arvsfonden under budgetåret 2024","","Webbpublicering",""
"5290175","HD01SoU40","2025/26","SoU40","bet","bet","bet","","SoU","","40","2026-08-07 00:00:00","2026-08-13 22:22:29","Skyldighet att betala för tandvård – nya regler för vissa utlänningar","","Webbpublicering",""
"5290174","HD01SoU41","2025/26","SoU41","bet","bet","bet","","SoU","","41","2026-06-09 00:00:00","2026-06-17 00:34:11","Uppskov med behandlingen av ett ärende","","Webbpublicering",""
"5247053","HD01SoU5","2025/26","SoU5","bet","bet","bet","","SoU","","5","2025-10-16 00:00:00","2025-10-22 22:07:07","Åtgärder för en effektiv och patientsäker anslutning till den nationella läkemedelslistan","","Webbpublicering",""
"5247573","HD01SoU6","2025/26","SoU6","bet","bet","bet","","SoU","","6","2025-11-06 00:00:00","2026-01-23 15:27:11","Hälso- och sjukvårdens beredskap","","Webbpublicering",""
"5247575","HD01SoU7","2025/26","SoU7","bet","bet","bet","","SoU","","7","2025-11-13 00:00:00","2025-11-19 19:44:20","Stärkt kontroll över tandvårdssektorn","","Webbpublicering",""
"5249389","HD01SoU8","2025/26","SoU8","bet","bet","bet","","SoU","","8","2025-11-14 00:00:00","2026-02-06 10:54:50","Skarpare verktyg till Inspektionen för vård och omsorg","","Webbpublicering",""
"5251486","HD01SoU9","2025/26","SoU9","bet","bet","bet","","SoU","","9","2025-11-13 00:00:00","2025-11-19 19:44:20","Stärkta förutsättningar för stöd ur Allmänna arvsfonden till förmån för äldre personer","","Webbpublicering",""
"5253862","HD01TU1","2025/26","TU1","bet","bet","bet","","TU","","1","2025-12-16 00:00:00","2026-03-24 16:03:38","Utgiftsområde 22 Kommunikationer","","Webbpublicering",""
"5273307","HD01TU10","2025/26","TU10","bet","bet","bet","","TU","","10","2026-03-06 00:00:00","2026-07-03 11:59:26","Sjöfartsfrågor","","Webbpublicering",""
"5275854","HD01TU11","2025/26","TU11","bet","bet","bet","","TU","","11","2026-01-30 00:00:00","2026-04-30 13:59:42","Avvikande från bestämmelserna om tyst godkännande i EU:s förordning om gigabitinfrastruktur","","Webbpublicering",""
"5278631","HD01TU12","2025/26","TU12","bet","bet","bet","","TU","","12","2026-03-11 00:00:00","2026-07-03 12:04:03","Luftfartsfrågor","","Webbpublicering",""
"5278632","HD01TU13","2025/26","TU13","bet","bet","bet","","TU","","13","2026-03-11 00:00:00","2026-07-03 12:04:05","Cykelfrågor","","Webbpublicering",""
"5278633","HD01TU14","2025/26","TU14","bet","bet","bet","","TU","","14","2026-03-26 00:00:00","2026-04-17 02:28:54","Yrkestrafik och taxi","","Webbpublicering",""
"5278634","HD01TU15","2025/26","TU15","bet","bet","bet","","TU","","15","2026-04-09 00:00:00","2026-04-17 02:28:54","Järnvägs- och kollektivtrafikfrågor","","Webbpublicering",""
"5277698","HD01TU16","2025/26","TU16","bet","bet","bet","","TU","","16","2026-04-21 00:00:00","2026-04-22 20:54:20","Slopat krav på introduktionsutbildning för övningskörning","","Webbpublicering",""
"5277699","HD01TU17","2025/26","TU17","bet","bet","bet","","TU","","17","2026-05-28 00:00:00","2026-06-12 02:03:27","Nya regler mot bedrägerier och annat vilseledande genom elektroniska kommunikationstjänster","","Webbpublicering",""
"5277700","HD01TU18","2025/26","TU18","bet","bet","bet","","TU","","18","2026-05-28 00:00:00","2026-06-12 02:03:27","Interoperabilitet vid datadelning inom den offentliga förvaltningen","","Webbpublicering",""
"5277701","HD01TU19","2025/26","TU19","bet","bet","bet","","TU","","19","2026-06-02 00:00:00","2026-06-12 02:03:27","Ny lag om kommunal hamnverksamhet","","Webbpublicering",""
"5243641","HD01TU2","2025/26","TU2","bet","bet","bet","","TU","","2","2025-10-15 00:00:00","2026-01-08 16:39:16","Förenklad in- och uthyrning av skepp","","Webbpublicering",""
"5278635","HD01TU20","2025/26","TU20","bet","bet","bet","","TU","","20","2026-06-11 00:00:00","2026-06-17 23:57:08","Infrastrukturfrågor","","Webbpublicering",""
"5277702","HD01TU21","2025/26","TU21","bet","bet","bet","","TU","","21","2026-06-10 00:00:00","2026-06-17 23:57:07","En statlig e-legitimation","","Webbpublicering",""
"5277703","HD01TU22","2025/26","TU22","bet","bet","bet","","TU","","22","2026-06-03 00:00:00","2026-06-17 23:57:07","Åtgärder mot manipulation och missbruk av färdskrivare","","Webbpublicering",""
"5277704","HD01TU23","2025/26","TU23","bet","bet","bet","","TU","","23","2026-01-14 00:00:00","2026-04-14 10:42:40","Åtgärder mot manipulation och missbruk av färdskrivare","","planerat",""
"5277705","HD01TU24","2025/26","TU24","bet","bet","bet","","TU","","24","2026-01-14 00:00:00","2026-03-26 16:03:06","En statlig e-legitimation och EU:s digitala identitetsplånbok","","planerat",""
"5251098","HD01TU3","2025/26","TU3","bet","bet","bet","","TU","","3","2025-10-01 00:00:00","2025-10-22 22:07:07","Skärpt kontroll av styrelsen i besiktningsorgan","","Webbpublicering",""
"5250895","HD01TU4","2025/26","TU4","bet","bet","bet","","TU","","4","2025-10-29 00:00:00","2026-01-16 16:02:10","Effektiva sanktioner inom luftfarten","","Webbpublicering",""
"5250897","HD01TU5","2025/26","TU5","bet","bet","bet","","TU","","5","2025-10-15 00:00:00","2025-11-05 20:36:34","Intelligenta transportsystem – genomförande av ändringsdirektiv","","Webbpublicering",""
"5273304","HD01TU6","2025/26","TU6","bet","bet","bet","","TU","","6","2026-01-29 00:00:00","2026-04-30 13:59:43","Trafiksäkerhet","","Webbpublicering",""
"5273305","HD01TU7","2025/26","TU7","bet","bet","bet","","TU","","7","2026-01-29 00:00:00","2026-02-05 03:03:48","Åtgärder mot körkortsturism","","Webbpublicering",""
"5273306","HD01TU8","2025/26","TU8","bet","bet","bet","","TU","","8","2026-02-05 00:00:00","2026-05-22 14:30:01","Digitaliserings- och postfrågor","","Webbpublicering",""
"5274391","HD01TU9","2025/26","TU9","bet","bet","bet","","TU","","9","2026-02-10 00:00:00","2026-05-22 14:29:51","Vägtrafik- och fordonsfrågor","","Webbpublicering",""
"5252878","HD01UbU1","2025/26","UbU1","bet","bet","bet","","UbU","","1","2025-12-08 00:00:00","2026-03-24 16:01:05","Utgiftsområde 16 Utbildning och universitetsforskning","","Webbpublicering",""
"5272506","HD01UbU10","2025/26","UbU10","bet","bet","bet","","UbU","","10","2026-03-25 00:00:00","2026-04-01 21:50:35","Gymnasieskolan","","Webbpublicering",""
"5272514","HD01UbU11","2025/26","UbU11","bet","bet","bet","","UbU","","11","2026-01-23 00:00:00","2026-04-24 14:56:20","Vuxenutbildning","","Webbpublicering",""
"5272523","HD01UbU12","2025/26","UbU12","bet","bet","bet","","UbU","","12","2026-03-17 00:00:00","2026-03-25 21:20:09","Högskolan","","Webbpublicering",""
"5272529","HD01UbU13","2025/26","UbU13","bet","bet","bet","","UbU","","13","2026-03-06 00:00:00","2026-03-25 21:20:09","Forskning","","Webbpublicering",""
"5272535","HD01UbU14","2025/26","UbU14","bet","bet","bet","","UbU","","14","2026-01-26 00:00:00","2026-04-30 14:00:08","Studiestöd","","Webbpublicering",""
"5272216","HD01UbU15","2025/26","UbU15","bet","bet","bet","","UbU","","15","2026-01-28 00:00:00","2026-03-12 02:19:07","Riksrevisionens rapport om urval till högskolan – urvalsgrunder, platsfördelning och tillämpning","","Webbpublicering",""
"5272544","HD01UbU16","2025/26","UbU16","bet","bet","bet","","UbU","","16","2026-02-06 00:00:00","2026-03-18 23:37:41","Riksrevisionens rapport om systemet för lärarlegitimation","","Webbpublicering",""
"5273677","HD01UbU17","2025/26","UbU17","bet","bet","bet","","UbU","","17","2026-04-28 00:00:00","2026-05-06 22:12:12","Framtidens yrkeshögskola","","Webbpublicering",""
"5279052","HD01UbU18","2025/26","UbU18","bet","bet","bet","","UbU","","18","2026-06-02 00:00:00","2026-06-09 20:55:32","Stiftelsen Riksbankens Jubileumsfonds verksamhet och årsredovisning 2025","","Webbpublicering",""
"5279054","HD01UbU19","2025/26","UbU19","bet","bet","bet","","UbU","","19","2026-05-22 00:00:00","2026-06-03 22:23:50","Riksrevisionens rapport om utbildning på vetenskaplig grund","","Webbpublicering",""
"5252881","HD01UbU2","2025/26","UbU2","bet","bet","bet","","UbU","","2","2025-12-03 00:00:00","2026-03-18 14:34:11","Utgiftsområde 15 Studiestöd","","Webbpublicering",""
"5279056","HD01UbU20","2025/26","UbU20","bet","bet","bet","","UbU","","20","2026-05-08 00:00:00","2026-05-27 00:12:42","Offentlighetsprincipen med lättnadsregler för enskilda mindre huvudmän i skolväsendet","","Webbpublicering",""
"5279059","HD01UbU21","2025/26","UbU21","bet","bet","bet","","UbU","","21","2026-05-20 00:00:00","2026-05-27 23:22:36","Överlämnande av uppgifter mellan skolor i brottsförebyggande syfte","","Webbpublicering",""
"5279062","HD01UbU22","2025/26","UbU22","bet","bet","bet","","UbU","","22","2026-05-22 00:00:00","2026-06-03 22:23:50","Bättre förutsättningar för trygghet och studiero i skolan","","Webbpublicering",""
"5279063","HD01UbU23","2025/26","UbU23","bet","bet","bet","","UbU","","23","2026-05-28 00:00:00","2026-06-03 22:23:53","Nya läroplaner – för en stark kunskapsskola","","Webbpublicering",""
"5279064","HD01UbU24","2025/26","UbU24","bet","bet","bet","","UbU","","24","2026-05-29 00:00:00","2026-06-03 22:23:55","Förbättrat stöd i skolan","","Webbpublicering",""
"5279071","HD01UbU25","2025/26","UbU25","bet","bet","bet","","UbU","","25","2026-05-29 00:00:00","2026-06-11 15:54:39","Tid för undervisningsuppdraget","","Webbpublicering",""
"5279065","HD01UbU26","2025/26","UbU26","bet","bet","bet","","UbU","","26","2026-06-03 00:00:00","2026-06-09 20:55:32","Ett likvärdigt betygssystem","","Webbpublicering",""
"5279061","HD01UbU27","2025/26","UbU27","bet","bet","bet","","UbU","","27","2026-05-22 00:00:00","2026-05-27 23:22:43","Bättre förutsättningar för yrkesutbildning","","Webbpublicering",""
"5279058","HD01UbU28","2025/26","UbU28","bet","bet","bet","","UbU","","28","2026-05-08 00:00:00","2026-05-27 00:12:42","Legitimation och behörighet i den tioåriga grundskolan","","Webbpublicering",""
"5279060","HD01UbU29","2025/26","UbU29","bet","bet","bet","","UbU","","29","2026-05-19 00:00:00","2026-05-27 23:22:36","Utökade registerkontroller i skolväsendet","","Webbpublicering",""
"5250015","HD01UbU3","2025/26","UbU3","bet","bet","bet","","UbU","","3","2025-11-04 00:00:00","2025-11-19 19:44:20","Riksrevisionens rapport om lärosätenas arbete mot avhopp på bristyrkesutbildningar","","Webbpublicering",""
"5279067","HD01UbU30","2025/26","UbU30","bet","bet","bet","","UbU","","30","2026-08-12 00:00:00","2026-08-13 22:22:32","Skärpta villkor för friskolesektorn","","Webbpublicering",""
"5286761","HD01UbU31","2025/26","UbU31","bet","bet","bet","","UbU","","31","2026-06-11 00:00:00","2026-06-18 13:14:04","En mer ändamålsenlig reglering av etikprövning av forskning som avser människor","","Webbpublicering",""
"5251970","HD01UbU4","2025/26","UbU4","bet","bet","bet","","UbU","","4","2025-11-12 00:00:00","2026-02-06 10:54:43","Skärpta krav i kommunal vuxenutbildning i svenska för invandrare (sfi)","","Webbpublicering",""
"5252834","HD01UbU5","2025/26","UbU5","bet","utl","bet","","UbU","","5","2025-10-14 00:00:00","2026-08-24 16:14:47","Subsidiaritetsprövning av kommissionens förslag till förordning om säkerhet, resiliens och hållbarhet i rymdverksamhet i Europeiska unionen","","Webbpublicering",""
"5272493","HD01UbU6","2025/26","UbU6","bet","bet","bet","","UbU","","6","2026-03-04 00:00:00","2026-07-03 11:36:42","Förskolan","","Webbpublicering",""
"5272498","HD01UbU7","2025/26","UbU7","bet","bet","bet","","UbU","","7","2026-02-23 00:00:00","2026-03-12 02:19:07","Övergripande skolfrågor","","Webbpublicering",""
"5272500","HD01UbU8","2025/26","UbU8","bet","bet","bet","","UbU","","8","2026-02-09 00:00:00","2026-03-12 02:19:07","Grundläggande om utbildning","","Webbpublicering",""
"5253182","HD01UbU9","2025/26","UbU9","bet","bet","bet","","UbU","","9","2026-03-05 00:00:00","2026-03-18 23:37:41","Lärare och elever","","Webbpublicering",""
"5253440","HD01UFöU1","2025/26","UFöU1","bet","bet","bet","","UFöU","","1","2025-10-23 00:00:00","2026-01-16 16:02:04","En tydlig beslutsordning för deltagande i Natos samlade verksamhet för avskräckning och försvar","","Webbpublicering",""
"5252956","HD01UFöU2","2025/26","UFöU2","bet","bet","bet","","UFöU","","2","2025-11-27 00:00:00","2026-03-18 14:33:54","Svenskt bidrag till Natos avskräckning och försvar under 2026","","Webbpublicering",""
"5286887","HD01UFöU3","2025/26","UFöU3","bet","bet","bet","","UFöU","","3","2026-05-26 00:00:00","2026-07-27 10:06:33","Svenskt bidrag till Natos framskjutna närvaro i Finland","","Webbpublicering",""
"5254306","HD01UU1","2025/26","UU1","bet","bet","bet","","UU","","1","2025-11-28 00:00:00","2026-02-27 15:27:20","Utgiftsområde 5 Internationell samverkan","","Webbpublicering",""
"5281796","HD01UU10","2025/26","UU10","bet","bet","bet","","UU","","10","2026-05-29 00:00:00","2026-06-11 15:54:28","Verksamheten i Europeiska unionen under 2025","","Webbpublicering",""
"5281797","HD01UU11","2025/26","UU11","bet","bet","bet","","UU","","11","2026-05-22 00:00:00","2026-06-03 22:23:51","Organisationen för säkerhet och  samarbete i Europa (OSSE)","","Webbpublicering",""
"5281798","HD01UU12","2025/26","UU12","bet","bet","bet","","UU","","12","2026-05-22 00:00:00","2026-06-03 22:23:51","Europarådet","","Webbpublicering",""
"5281800","HD01UU13","2025/26","UU13","bet","bet","bet","","UU","","13","2026-05-08 00:00:00","2026-05-27 00:12:43","Interparlamentariska unionen","","Webbpublicering",""
"5279898","HD01UU14","2025/26","UU14","bet","bet","bet","","UU","","14","2026-03-06 00:00:00","2026-07-03 11:59:40","Folkrätt, inklusive mänskliga rättigheter","","Webbpublicering",""
"5279222","HD01UU15","2025/26","UU15","bet","bet","bet","","UU","","15","2026-02-24 00:00:00","2026-05-29 14:38:44","Situationen i Israel och Palestina","","Webbpublicering",""
"5279897","HD01UU16","2025/26","UU16","bet","bet","bet","","UU","","16","2026-03-06 00:00:00","2026-07-03 11:42:47","FN i svensk utrikespolitik","","Webbpublicering",""
"5281801","HD01UU17","2025/26","UU17","bet","bet","bet","","UU","","17","2026-06-08 00:00:00","2026-06-11 11:07:38","Humanitärt bistånd","","Webbpublicering",""
"5281802","HD01UU18","2025/26","UU18","bet","bet","bet","","UU","","18","2026-05-27 00:00:00","2026-06-09 20:55:32","Ett modernt och anpassat regelverk för krigsmateriel","","Webbpublicering",""
"5281804","HD01UU19","2025/26","UU19","bet","bet","bet","","UU","","19","2026-05-25 00:00:00","2026-06-03 22:23:51","Verksamheten i Nato 2025","","Webbpublicering",""
"5254308","HD01UU2","2025/26","UU2","bet","bet","bet","","UU","","2","2025-12-08 00:00:00","2026-03-24 16:01:03","Utgiftsområde 7 Internationellt bistånd","","Webbpublicering",""
"5285559","HD01UU20","2025/26","UU20","bet","bet","bet","","UU","","20","2026-05-29 00:00:00","2026-06-12 09:59:16","Sveriges tillträde till konventionen om inrättande av en internationell skadeståndskommission för Ukraina","","Webbpublicering",""
"5285560","HD01UU21","2025/26","UU21","bet","bet","bet","","UU","","21","2026-05-29 00:00:00","2026-06-12 09:59:18","Sveriges anslutning till den utvidgade partiella överenskommelsen för den särskilda tribunalen för aggressionsbrottet mot Ukraina","","Webbpublicering",""
"5285562","HD01UU22","2025/26","UU22","bet","bet","bet","","UU","","22","2026-06-08 00:00:00","2026-06-11 11:07:40","Avtal om fördjupat partnerskap och samarbete mellan Europeiska unionen och dess medlemsstater, å ena sidan, och Republiken Uzbekistan, å andra sidan","","Webbpublicering",""
"5285563","HD01UU23","2025/26","UU23","bet","bet","bet","","UU","","23","2026-06-08 00:00:00","2026-06-11 11:07:41","Avtal om fördjupat partnerskap och samarbete mellan Europeiska unionen och dess medlemsstater, å ena sidan, och Republiken Kirgizistan, å andra sidan","","Webbpublicering",""
"5290516","HD01UU24","2025/26","UU24","bet","bet","bet","","UU","","24","2026-08-11 00:00:00","2026-08-13 22:22:30","Sveriges utrikes underrättelsetjänst","","Webbpublicering",""
"5281789","HD01UU3","2025/26","UU3","bet","bet","bet","","UU","","3","2026-05-20 00:00:00","2026-05-27 23:22:41","Fördjupad resultatredovisning av internationellt bistånd","","Webbpublicering",""
"5277631","HD01UU4","2025/26","UU4","bet","bet","bet","","UU","","4","2026-05-20 00:00:00","2026-05-27 23:22:39","Nordiskt samarbete inklusive Arktis","","Webbpublicering",""
"5254310","HD01UU5","2025/26","UU5","bet","utl","bet","","UU","","5","2025-12-04 00:00:00","2026-03-18 14:33:59","Kommissionens arbetsprogram 2026","","Webbpublicering",""
"5281794","HD01UU6","2025/26","UU6","bet","bet","bet","","UU","","6","2026-04-09 00:00:00","2026-04-22 20:54:14","Säkerhetspolitik","","Webbpublicering",""
"5279896","HD01UU7","2025/26","UU7","bet","bet","bet","","UU","","7","2026-03-17 00:00:00","2026-08-28 14:42:55","Internationella relationer","","Webbpublicering",""
"5273505","HD01UU8","2025/26","UU8","bet","bet","bet","","UU","","8","2026-02-06 00:00:00","2026-07-03 11:36:17","Sexuell och reproduktiv hälsa och rättigheter i det internationella biståndet","","Webbpublicering",""
"5281795","HD01UU9","2025/26","UU9","bet","bet","bet","","UU","","9","2026-06-04 00:00:00","2026-06-09 20:55:32","Strategisk exportkontroll 2025 – krigsmateriel och produkter med dubbla användningsområden","","Webbpublicering",""
